项目类型,项目编号,项目名称,项目回报总类,最低投资额,项目图片数量,发起人支持的项目数,发起人历史发起的项目
其他,73602,中华练字王众筹项目,6,49,5,0,1
其他,73002,尚驰律动按摩保健床垫,6,4498,19,0,1
其他,72933,睿卡非洲鼓艺术教室,7,298,11,3,2
其他,74505,玛萨玛索真银纤维防臭抗菌袜,5,68,20,0,2
其他,74792,迪士尼钞形金银纪念版,6,199,7,0,1
其他,74616,一支预防近视眼的笔,10,5,22,0,1
其他,73934,Bangli声波电动牙刷,9,38,18,0,1
其他,74252,可以缓解颈椎疼痛的记忆枕,9,38,27,0,1
其他,74598,放亮双眼，创新型蒸汽眼罩,6,59,19,0,1
其他,74637,您随叫随到的洁牙小护士,9,19,21,0,1
其他,71606,show-ya塑形仪,5,365,13,3,1
其他,72243,鸿木斋始创海南黄花梨药合香,15,15,12,0,2
其他,73717,麻生希真人互动VR飞机杯,8,188,22,25,8
其他,73369,智能儿童学习启蒙触摸熊,6,118,22,0,1
其他,73000,男欢女爱震动棒，一起高潮吧,7,168,20,25,8
其他,73720,机器人性伴侣，懂您的另一半,8,298,25,25,8
其他,74842,健康猫运动生活馆14号馆,10,1,24,0,20
其他,74843,健康猫运动生活馆21号馆,10,1,24,0,20
其他,74573,健康猫运动生活馆25号馆,9,1,25,0,20
其他,74529,抵御倒春寒！体贴你的鹅绒被,7,108,17,0,2
其他,72746,藓为人知·木制懒人花器,15,98,7,0,1
其他,73551,悦己爱人•全程养护健康文胸,6,148,14,0,1
其他,74406,植钰坊一款可以“吃”的面膜,7,78,63,0,1
其他,74570,生活本该优雅，复古固体香水,9,52,12,0,1
其他,74144,去静电洗护套装，秀发不再乱,10,38,22,3,1
其他,74404,雪肤智能美面仪,4,599,14,0,1
其他,73816,乳胶天梦塑形床垫,10,126,20,7,1
其他,74254,湖北卫视《你就是奇迹》,4,49,6,0,1
其他,73530,龟兔智能滚筒式骑行台,5,428,11,0,1
其他,75247,健康猫运动生活馆武汉南湖馆,10,1,24,0,20
其他,72211,健康猫运动生活馆23号馆,9,1,21,0,20
其他,69611,加哇随身空气净化卫士,6,298,26,10,1
其他,75121,零压力靠垫◆缓解腰部不适,9,99,25,0,0
其他,72964,兔卫士儿童防丢徽章,6,99,10,1,1
其他,73856,BESBET儿童安全座椅,4,998,16,0,1
其他,74869,钱皇优等品蚕丝被 祼睡上瘾,6,79,18,0,1
其他,74829,新鲜生姜洗发素，一洗了然,6,39,14,0,0
其他,74929,健康猫运动生活馆武汉洪山馆,10,1,25,0,20
其他,73839,艾丝丽娜 逆年塑颜精华套组,6,118,5,0,1
其他,73871,我莱喜无水洗衣精华液,7,28,20,0,1
其他,75154,百年匠心，全手工梅桩壶  ,6,99,20,1,2
其他,74561,血压血糖脉率体温一体机,7,699,24,0,1
其他,73820,步步紧 扭转情趣震动飞机杯,7,79,51,0,3
其他,73745,兔哇实体娃娃 男用飞机杯,7,35,17,11,6
其他,74921,富硒抹茶 清颜愈肤卸妆面膜,7,99,14,0,0
其他,74807,165度可躺的安全座椅,5,498,12,0,1
其他,74153,孕妈必备孕期科普漫画图书,9,49,5,1,1
其他,71479,哎呀动物岛多功能儿童手工盒,5,98,23,20,1
其他,74659,DOW勇士勋章比赛,3,299,15,0,5
其他,73747,上海光影车间艺术电影院,6,49,7,0,1
其他,73961,14年，为更好的护肤新体验,11,298,20,1,1
其他,74058,温佩倪·多功能四季床具,4,379,6,0,2
其他,70971,UA活动年卡,4,99,16,1,1
其他,73933,冠达星儿童城堡衣橱,5,159,11,0,1
其他,74309,除臭利器——空气魔芳,4,69,9,0,0
其他,72537,天空无霾智能空气制造机,8,899,19,0,1
其他,73088,原舍手作旅行醋香皂,9,39,6,0,1
其他,74525,双重牙齿美白贴 笑容更自信,6,88,15,0,2
其他,74563,高端瑜伽私教在线预约平台,6,69,7,0,1
其他,74766,做作文化招募手作爱好者,9,11,6,1,1
其他,72422,无人机培训不计成本只为情怀,5,4888,11,0,1
其他,74711,艺盛电能积木·科学早教神器,8,78,13,10,1
其他,73406,珠江恺撒堡之夜吴牧野音乐会,9,180,6,0,1
其他,73975,星空下的圆舞曲.梦特娇,6,299,22,0,7
其他,73842,桐乡手作，雪君蚕丝被,8,498,7,0,1
其他,73291,锗能量锁脂内衣,5,198,15,3,1
其他,73617,自由呼吸舒适无痕内衣,9,69,21,2,4
其他,73510,宇航服材料的婴儿调温睡袋,4,398,13,0,4
其他,73614,贝塔咖啡北京铟立方招募朋友,5,499,16,9,29
其他,73441,tudor男士电动剃须刀,16,39,21,0,1
其他,73243,荃璟超浓缩环保洗衣片,6,58,25,0,1
其他,72793,带你走进英伦复古风·梦特娇,6,299,18,0,7
其他,72943,天然抗菌无鼻夹儿童口罩,8,28,19,0,1
其他,73004,爱康康本草消毒液让呼吸更纯,5,74,36,1,1
其他,72874,欧赫曼新一代孕妇托腹带,9,178,13,0,1
其他,73198,编程猫让孩子用游戏玩懂数学,4,99,7,0,2
其他,72880,绿色果蔬®食材洗净剂,5,68,13,0,1
其他,72864,贝贝卡西侧翼保护安全座椅,5,558,1,0,1
其他,73115,云饮NADO儿童水杯,9,399,27,0,1
其他,73137,gambei佳安贝儿童座椅,5,799,9,0,1
其他,72697,小蛮腰母婴空气净化器,10,998,9,1,2
其他,73226,九代视力健康笔,5,78,13,0,1
其他,73011,宝宝拍儿童智能相机,5,439,7,1,1
其他,72978,天意宝围兜，让妈妈们懒起来,8,8,21,10,1
其他,72652,便携式去农残果蔬净化器,5,299,36,1,1
其他,73097,十度良品酵素加湿器,5,19,28,0,1
其他,72324,云景全屋空气净化新风一体机,9,4999,30,0,1
其他,72592,活到30无为 幸好有你还在,8,99,5,1,1
其他,72562,百变婴儿车，带娃兜风神器,7,1680,23,4,2
其他,72394,暖冬黑科技4D陶瓷科技内衣,7,199,8,0,2
其他,72512,能净化空气的神奇养生枕头,7,219,5,0,1
其他,72250,冰刃·钛晶新材料陶瓷厨刀 ,8,99,8,0,1
其他,72528,匠人精神 钻技聚能UU锅,7,385,23,2,1
其他,72345,杜邦U+空气净化器,7,999,37,0,1
其他,72358,耐康长效抗菌袜子,6,78,3,1,4
其他,72276,陪宝宝长大的儿童安全座椅,6,399,13,4,1
其他,72317,新一代穿戴式微型空气净化器,5,98,10,0,3
其他,72495,RevoMax儿童保温杯,6,139,18,0,1
其他,72628,众创实战派,6,99,13,0,1
其他,72565,优彼思维训练电脑,9,1888,6,0,1
其他,72219,酷蛙智能净水器,7,1919,20,0,1
其他,71886,海上绮梦 光影传说,4,200,12,0,1
其他,72601,奥运冠军刘璇的美丽秘密,6,19,9,0,1
其他,71896,随时随地赛车对决实现年少梦,10,339,20,0,1
其他,72161,德国大马士革厨师刀,5,399,16,0,6
其他,71845,一辈子，爱上拥抱的温度,6,999,5,0,1
其他,72127,爱子科技婴儿保,10,69,17,0,1
其他,72183,"  猫太子新型坐姿矫正器",6,88,22,0,1
其他,71745,索纳斯二代变频电动牙刷 ,12,16,38,0,2
其他,71979,Healthme体检神器,8,298,11,0,1
其他,71712,康颈椅，会动的椅子,10,529,17,2,1
其他,71696,悦肤Pro 智能肌肤管家,5,199,19,1,1
其他,71846,蓝氧水冲洗除菌机,6,3000,30,0,1
其他,72186,4年，一枚海参成为一片面膜,13,49,21,0,1
其他,71928,“画暖家”石墨烯取暖画,6,980,14,2,1
其他,71392,十二月的罗曼司圣诞爵士现场,7,8,16,0,1
其他,71218,佛家之礼，砗磲贝壳围棋子,7,15,22,0,2
其他,71756,loveumom安全座椅,15,499,19,0,1
其他,71563,一碗米饭就够了,7,99,24,0,1
其他,71516,慢慢做好一把伞,4,299,24,0,3
其他,71365,商旅便携剃须刀+打火机,6,59,24,0,6
其他,71446,podo 坐姿矫正器,8,68,10,0,1
其他,71405,四大名陶 非遗大师绝版孤品,12,65,25,0,1
其他,71209,法恩莎坐立通智能马桶盖,5,1099,24,0,1
其他,71668,按摩大师-多功能数码按摩仪,7,88,15,3,1
其他,72123,霸王杯，解锁你所有的高潮,25,298,19,0,1
其他,71370,梦鸟温感智能枕X1,7,48,20,18,1
其他,71596,X3 Plus工业级螺丝刀,9,179,12,9,3
其他,71244,格格乐园 专为【性福】定制,9,69,21,0,1
其他,71363,她要的香蕉，情趣的天之蕉子,6,138,20,25,8
其他,71678,菲特安痛经宝,7,268,15,0,1
其他,71344,艾尔盾净化宝个人净化产品,8,199,13,0,5
其他,71234,Mswarm智能暖宫宝,6,188,9,4,1
其他,72167,21天还您一只乖狗狗,5,99,13,8,1
其他,71195,芭蕾秘密 磁疗暖宫体雕裤 ,8,98,13,4,1
其他,71062,多拉美生活洗浴礼盒,6,68,6,0,1
其他,70762,奥斯顿 可入口喷雾除菌液,6,19,22,0,2
其他,70790,ZazaBaby安全座椅,7,999,39,0,1
其他,71117,一把怪椅子,10,49,21,0,1
其他,70761,一颗藻 泰国天然乳胶枕,9,328,16,12,1
其他,70973,物理温控奶嘴—杜绝宝宝烫伤,10,68,23,0,1
其他,70774,贝贝卫士儿童智能物理退热仪,6,249,17,0,1
其他,70791,二代加热飞机杯 第二重高潮,8,19,20,25,8
其他,70697,SHAPE男士剃须理容套装,6,199,22,0,1
其他,71069,东成卫士预防感冒杀菌胸章,8,35,20,0,1
其他,70724,卡帕奇儿童体温贴,7,99,7,2,1
其他,71082,趣味无人机带你走进未来世界,8,9,8,0,2
其他,71133,雅氛达落地式空气净化器,7,389,16,0,4
其他,70885,爱派 全效智能空气净化机,4,3200,32,1,1
其他,70917,HERON超级空气净化器,9,3399,16,21,1
其他,70695,舒适有机棉四件套,6,99,14,0,2
其他,70262,初然之爱婴儿手口湿巾众筹,7,27,16,0,1
其他,70491,亲子互动FPV视频玩具车,7,188,23,0,1
其他,70646,219鼾尼智能止鼾枕,8,38,16,1,1
其他,70328,中药磁场鞋垫—360°除臭,6,19,16,0,1
其他,70623,美国西屋智能马桶盖,4,1399,34,0,1
其他,70637,盛世牡丹，赢定江山艺术银壶,6,2899,14,0,4
其他,70300,真正无化学添加的洗发水  ,5,55,60,0,2
其他,70444,小小发明家创客思维科学套件,5,98,18,2,1
其他,70496,Mad Air电动送风口罩,6,399,12,0,1
其他,70493,蓝牙音响男用健康情趣飞机杯,8,38,39,1,4
其他,70481,芙蕾智能计步腰凳 潮妈都用,6,199,8,0,1
其他,70078,硬笔字帖革命风暴,7,19,6,0,1
其他,69897,沸雪因斯布鲁克纯正冰雪之旅,5,999,4,2,2
其他,70531,纳德1秒100℃智能饮水机,6,899,17,1,1
其他,70665,Air Pad空气管家,7,499,13,0,1
其他,70541,克莱鹏Veer电子烟,11,49,15,0,1
其他,70072,韩国科舒智能马桶盖,7,1680,26,0,1
其他,70093,无人机培训双十二见面“惠”,9,2800,8,0,2
其他,69887,沸雪洛杉矶全新体验之旅,4,23999,4,2,2
其他,69823,费雪0-7岁组安全座椅众筹,5,1788,31,0,1
其他,70454,会按摩的摇摇椅,7,1799,30,23,3
其他,69951,魔幻海洋 不一样的绘画体验,6,89,4,3,1
其他,70118,一款能感知清洁度的智能毛巾,10,99,16,4,1
其他,69952,你从未见过的晾衣架-Q3,14,298,37,1,1
其他,70234,创业品牌定位课程,4,9800,8,0,1
其他,69865,优山美地双模式车载净化器,7,389,8,0,3
其他,69903,体验式教育-给孩子实践力,10,198,12,0,1
其他,69859,生态美肤空气净化器,7,1999,18,3,1
其他,70120,凯霓婴儿肌原液小安瓶,9,68,27,0,1
其他,69970,Habbie智能伴侣,6,300,15,0,1
其他,69868,赛玛按摩椅 您的私人按摩师,6,3699,29,0,3
其他,69476,十年之约之龙凤呈祥,7,100,27,0,7
其他,69658,熊猫A啦AR++魔法立体书,5,228,10,0,1
其他,69705,爱蒙智能除菌牙刷,9,50,16,0,1
其他,69604,e博—A7封闭式电动晾衣架,5,1699,22,0,6
其他,69439,Miamily3D婴儿背带,7,149,11,0,2
其他,69622,每一口都健康的硅胶儿童碗,9,78,25,0,2
其他,69518,普乐美树枝花洒,8,219,8,7,1
其他,69488,法国原装进口旋转安全座椅,8,1599,30,0,1
其他,69534,拓朴新型自刷洗平板拖把,7,159,16,0,1
其他,69752,韩国winia微气泡水机,6,2699,14,0,1
其他,69425,汉草工坊百草萃取壶,8,68,18,0,1
其他,69607,陈妍希邀妳做MS漂亮合伙人,16,9,20,0,1
其他,69700,维核可调式颈托,6,299,8,0,1
其他,69702,润元免安装智能净水器,6,1999,13,1,1
其他,69489,贝森婴儿宝 宝宝安睡守护神,8,999,35,3,1
其他,69582,V6随身迷你空气净化器,6,158,26,8,1
其他,69288,轻运动·EMS健身生态馆,8,2,10,0,1
其他,69405,子文训练营·创业融资,8,119,7,0,7
其他,69233,刘煜 昆曲《阎惜娇》,3,5,11,0,7
其他,69239,高变峰 晋剧折子戏专场,3,5,18,0,7
其他,69413,舒倍立体分区智能鹅绒被,10,980,23,0,2
其他,69230,罗晨雪 昆曲《夫的人》,3,5,14,0,7
其他,69389,小状元儿童炫酷轮滑鞋,6,158,24,0,1
其他,69326,玩童亲子桌游—北京之旅,7,158,7,0,1
其他,69258,ihole智能前列腺按摩器,6,179,41,0,3
其他,69387,NICOMO加湿器,9,399,17,0,5
其他,69369,AIRVAX空气净化器,8,799,14,0,5
其他,69271,百力英伦儿童音乐智能牙刷,12,59,33,24,1
其他,69339,法国CARE高端智能跑步机,5,5680,34,0,1
其他,68868,时间的朋友2016跨年演讲,7,99,8,0,1
其他,69411,幸福约起，你不再孤单,15,149,29,0,1
其他,69221,裘识 京剧《珠帘寨》,3,5,17,0,7
其他,69225,訾睿 京剧《杨门女将》,3,5,16,0,7
其他,68867,不插电的电动咖啡磨豆机 ,8,69,19,1,4
其他,69237,凹凸租车好奇心众筹,8,1000,11,0,2
其他,69292,海尔母婴空气净化器,9,2499,18,0,1
其他,69150,老司机袁岳助你驾驭社会关系,5,168,6,0,7
其他,68842,180天，养成最强大脑,7,150,6,0,7
其他,68832,智能防霾温控口罩,7,39,10,0,1
其他,69027,美国jese洁氏真空储米箱,6,799,31,1,1
其他,69217,心锁版佳藕可弯折G点震动棒,8,69,15,0,2
其他,68886,德之源智能孝心保护伞,7,499,16,0,1
其他,69022,量量脉搏波智能手表,8,379,10,0,1
其他,69144,可以去牙渍的洁牙粉和牙刷,7,129,24,0,1
其他,68813,韩国原装进口家用空气净化器,10,178,39,0,1
其他,69086,小C 智能恒温碗,6,99,19,0,1
其他,69171,希澈AVORI智能声波牙刷,17,69,15,0,1
其他,68853,高露洁B150声波电动牙刷,4,99,7,16,1
其他,68726,旺旺 饼干礼盒kitty版,7,11,11,0,1
其他,68729,一款颠覆传统坐姿的神奇椅子,8,30,6,0,1
其他,68806,凯蒂猫生日纪念版移动电源,6,69,21,0,1
其他,68642,Qooca无线多功能研磨杯,8,329,5,0,1
其他,68513,小胖智能语音电水壶,11,168,14,0,1
其他,68501,亿健8088智能跑步机,7,99,35,0,3
其他,68559,亿健2017智能家用跑步机,7,2099,35,0,2
其他,68751,翊山妞妞椅 您的专属按摩师,6,3980,22,0,1
其他,68628,科贝尔智能单杯饮品机,19,299,30,0,1
其他,68810,美国西屋磁悬浮双核电动牙刷,8,329,9,0,1
其他,68676,进口coway空气净化器,5,2799,34,0,1
其他,68749,苏格伦四核直饮净水机,7,120,27,4,1
其他,68675,无耗材高效空气净化器,5,1699,26,1,1
其他,68647,盎思A618净饮机更净一步,6,999,13,0,1
其他,68761,新依科蓝氧鲜净洗菜机,5,2380,13,0,1
其他,68682,贝恩施 小导弹 智能体温计,8,59,12,18,1
其他,68146,VR眼镜，我们不一样,6,49,14,0,3
其他,68364,INXDO五指机能袜,6,99,8,1,1
其他,68400,X-1 工业级螺丝刀套装,6,69,12,9,3
其他,68322,卓力增压智能整烫系统,6,19999,6,0,1
其他,68347,兔哇二代飞机杯振动棒 娃娃,15,10,19,11,6
其他,68164,天宫秘策•韩方暖宫坐熏护垫,7,59,13,7,1
其他,68276,欧瑞博智能一氧化碳监测仪,6,99,15,0,3
其他,68321,智能健康富氢水素杯,8,369,22,0,1
其他,68478,小乔智能跑步机,4,1999,34,0,1
其他,68135," 酒师傅全自动家用酿酒机",4,3280,23,0,1
其他,68098,豹米空气净化器 霾霸版,6,1298,26,0,2
其他,68175,TCL-800F空气净化器,4,6999,6,0,1
其他,68272,主动净化空气口罩,4,289,6,0,1
其他,68325,四合一睡眠文胸,6,169,9,0,1
其他,68468,安宝龙净安系列负氧离子座椅,7,999,24,0,1
其他,68368,屌炸天波多野结衣飞机杯,8,69,22,0,1
其他,67801,宝宝成长纪念册,5,108,23,0,1
其他,67847,tudor男士剃须理容套装,9,49,22,0,1
其他,68029,ViTUN超声波极速洗衣笔,8,228,16,1,1
其他,67822,深度睡眠专家，硅藻深眠枕,7,169,17,31,1
其他,67626,天韵室内光合智能栽培器,12,199,21,0,1
其他,67863,这一棒，叫你高潮迭起,6,188,10,0,1
其他,67646,星际酷宝2代智能早教机器人,8,68,16,0,1
其他,68057,野扑智能滑雪黑匣子,4,599,9,4,1
其他,67645,智能声波牙刷击碎十年牙石,12,29,10,1,3
其他,67955,人鱼姬 智能情趣G点飞机杯,8,189,26,0,3
其他,67732,WOX情趣飞机杯,10,99,27,0,1
其他,67787,体感遥控情趣跳蛋,6,99,9,0,1
其他,67792,健康猫运动生活馆17号馆,8,288,11,0,20
其他,67820,SROOM负离子空气清新机,8,468,27,1,1
其他,67750,双米V6，口腔护理机器人,14,999,66,0,1
其他,67612,V3MAX智能肌肉训练仪,20,39,18,2,4
其他,67577,美丽策，颜值爆增神器,9,1999,21,13,1
其他,67026,伊斯凯乐叠式食品脱水机,5,1699,15,0,1
其他,67144,三个柚子智能婴儿车升级版,7,1999,22,0,1
其他,67405,尼泊尔手绘特色唐卡专场,55,800,18,3,22
其他,67156,健康猫运动生活馆13号馆,7,299,11,0,20
其他,67195,优盾重新定义PM2.5口罩,8,39,17,2,1
其他,67333,天香引 洗护三件套,10,49,18,0,1
其他,67589,赫兹健康笔-人体健康点读笔,7,399,24,4,1
其他,67592,测奶宝智能奶温检测仪,8,58,8,0,1
其他,67235,度蜜宝贝超舒适定型安睡枕,8,198,22,0,1
其他,67288,第三代云中飞智能止鼾器,9,199,28,0,3
其他,67000,乐风智能随身净化器,6,699,25,18,1
其他,67191,Lilla Fé的音乐香氛,4,600,9,0,3
其他,67572,小榛智能喂奶机,8,749,9,5,1
其他,67275,没想稻，现磨直供的五常大米,11,69,33,0,1
其他,67035,小欧新风口罩—穿戴式净化器,8,39,27,6,1
其他,66966,读《白茶时间》，品一盏茶香,8,69,11,143,2
其他,66806,Ola Plus微信指纹锁,4,599,11,0,1
其他,66916,匠心制皂 比利时经典小白驴,7,109,19,0,1
其他,66518,惠普生云智能养生壶,7,288,22,21,5
其他,66461,这是一场美丽的革命,6,46,15,1,1
其他,66411,重阳，给父母最好的生态洗护,12,49,16,1,1
其他,66605,concool声波电动牙刷,9,50,28,0,1
其他,66442,琪树KES2.0家庭种菜机,6,6280,27,0,1
其他,66831,智能塑形仪 塑形 塑心,12,19,8,0,3
其他,66876,魔力基因-儿童天赋秘能检测,4,299,19,0,1
其他,66608,百力英伦声波震动牙刷,11,69,36,1,1
其他,66615,氧宝宝消毒机第二代便携版,8,599,30,0,1
其他,66767,熙乐Kme双点穿戴互动跳蛋,8,238,25,0,1
其他,66946,拒绝二手烟 空气净化烟灰缸,8,38,13,0,1
其他,66406,迪清空气触媒超音波式喷雾器,5,1699,17,0,1
其他,66441,冷热双感眼部按摩仪,4,299,13,16,1
其他,66202,伊吉康环保健身仰卧板,8,129,25,2,4
其他,65986,耍帅撩汉来一板,9,129,17,1,2
其他,66326,健康猫运动生活馆15号馆,7,299,12,0,20
其他,66292,海尔小厨师破壁料理机,5,699,29,0,1
其他,66160,穿越五千年的黄金珠宝展,5,1,11,1,1
其他,66253,司沃康首款G点可动震动棒,7,168,47,1,4
其他,66009,麦凯士折叠电动车,5,2899,25,0,1
其他,66393,魅曼智能口腔护理套装,8,39,15,0,1
其他,65985,海尔魔镜：让未来照见现实,10,3499,20,0,1
其他,66196,TOPV智能恒温浴缸,8,5000,9,0,1
其他,66298,壹季减重训练营,5,259,16,0,2
其他,66248,陪紫砂壶残疾艺人圆一个梦,6,38,24,0,1
其他,66297,Mate全效智能美肤仪,11,149,35,0,1
其他,66206,新一代防近视智能笔,8,198,16,0,2
其他,66224,健康富氢水杯快速提升体质,11,1,50,0,1
其他,66359,暖蓝，女性个人护理健康专家,8,399,12,1,1
其他,65981,西客scikr真空破壁机,7,1599,29,0,1
其他,65778,特顺智能料理机,9,39,21,0,1
其他,65788,艾问顶级创客之不死法则,6,199,6,2,1
其他,65944,健康生活从手做起酒精消毒机,9,198,24,0,4
其他,65820,雅氛达全效车载空气净化器,8,79,25,0,4
其他,65805,Onecup胶囊咖啡机K6,5,160,25,0,1
其他,65940,ChildCare 云听,8,639,8,0,1
其他,65775,量子盾-可穿戴空气净化器,11,599,31,0,1
其他,65800,洁博利-小洗宝智能水嘴,6,98,22,31,1
其他,65758,奥马斯智能水培果蔬种植机,7,599,11,2,1
其他,65808,乐行天下P1天鹅微电动车,13,999,26,0,1
其他,65887,记健康 15项基因检测套装,7,100,14,0,1
其他,65888,足下阳光 远红外暖脚宝,8,169,19,2,1
其他,65844,慕颜，听懂肌肤心声的洁面仪,6,1668,24,0,1
其他,65819,拿无人机驾照，飞越人生巅峰,6,4999,13,0,2
其他,65881,水清新空气净化器,7,199,10,1,1
其他,65525,舞台声优剧《三昧》,7,80,15,0,1
其他,65745,新东方师训讲堂摄影大赛,5,19,4,0,1
其他,65621,辉叶C6 会按摩的懒人沙发,6,1998,34,0,1
其他,65647,Y-Juice 果汁机,4,99,27,0,2
其他,65615,苏泊尔随享电热水瓶,6,159,21,0,1
其他,65603,滴露智能口罩,6,15,12,0,1
其他,65558,双突枪弹分离抑菌能量内裤,5,69,13,0,1
其他,65703,莱斯科顿激光脱毛仪,6,599,21,0,2
其他,65651,宾果多功能离子净康机,6,799,13,1,1
其他,65605,安民睿速刻智能逃生背包,9,299,18,0,1
其他,65675,COCLEAN儿童空气卫士,7,329,20,0,2
其他,65645,蓝堡智能健身车,6,1380,8,0,2
其他,65522,美国西屋鲜净饮水机,8,799,10,0,1
其他,65583,白天鹅香薰补水加湿器,7,258,11,2,1
其他,65555,无线智能羽毛球拍Smart,9,189,13,0,2
其他,65751,EXCEED三维立体洁面仪,8,138,11,1,1
其他,65473,健康猫运动生活馆18号馆,7,299,11,0,20
其他,65211,2016乐杜鹃音乐节,10,280,9,2,1
其他,65481,信一智能原汁机,5,1599,24,0,1
其他,65310,徒步在天堂的国度-尼泊尔,6,5,15,0,1
其他,65194,一台陪伴孩子成长的智能台灯,6,699,22,0,1
其他,65233,好孩子pockit2口袋车,11,59,42,0,1
其他,65489,神奇！4D涂涂色涂鸦变动画,9,68,26,1,2
其他,65299,USANA破壁料理机,4,1680,20,0,1
其他,65363,欧恩智能直饮净水器,8,1099,16,0,1
其他,65340,艺术电陶炉 ,8,118,31,0,5
其他,65495,美德玛肌肤平滑凝乳新品首发,7,69,6,0,1
其他,65484,智能远红外线保健腰带,9,98,13,0,1
其他,65419,智能移动健身器-欧巴德,10,58,13,2,4
其他,65428,云归谷新风净化器,11,1999,20,0,1
其他,65251,石墨烯智能护眼仪,6,398,13,87,2
其他,65243,吉乐蝈讲故事AR梦想童装,5,168,18,6,1
其他,65091,破茧之作 足底按摩珍珠鞋,5,298,19,0,1
其他,65096,都市精英3天2晚厦门之旅,4,2599,16,0,1
其他,64975,昂臣木香古釜中式电锅,8,199,19,0,1
其他,65137,第二代声波电动硅胶洁面仪,7,49,10,0,1
其他,65021,厨余宝家用垃圾处理器,27,699,10,4,1
其他,65175,凡米粒大脚怪工程车拉杆箱,11,99,4,0,1
其他,65050,专为孕妈准备的叶酸牙膏,7,56,30,1,1
其他,64961,贝赫去蓝光多功用护眼台灯,8,189,17,2,1
其他,65027,美妙家用养生汗蒸桶,8,699,18,0,1
其他,64950,上班一族非用不可的粉底液,5,99,14,0,1
其他,65026,健康猫运动生活馆12号馆,7,299,12,0,20
其他,65067,美肌解密 MZ智能电动牙刷,7,169,9,14,1
其他,64994,天子果蔬伴你营养每一天,10,159,6,0,1
其他,64981,儿童杀菌空气净化器,6,499,19,0,1
其他,65189,安默凯尔儿童安全座椅,11,999,19,0,1
其他,64611,我帮穿越上头条,8,49,6,2,1
其他,64719,海俪恩幻城定制款美瞳,9,78,5,1,1
其他,64825,健康猫运动生活馆武汉5号馆,7,299,12,0,20
其他,64692,浦桑尼克无线定位导航扫地机,5,1399,30,0,2
其他,64678,SORBO便携屁屁冲洗器,10,99,22,0,6
其他,64985,一双“精”明的情趣蝌蚪,6,168,16,25,8
其他,64607,小丑超声波儿童牙刷,7,328,16,0,1
其他,64723,科幻，中国与世界,6,1,11,0,1
其他,64697,MKS智能声波洁面仪,8,78,15,0,1
其他,64660,Dr.Smile美牙仪,5,520,15,0,1
其他,64807,哈睿奇德玻璃微珠反光童装,7,39,11,0,1
其他,64588,哆啦A梦儿童声波智能牙刷,6,159,19,1,2
其他,64707,大目狼VR成人用品情趣套装,10,299,23,0,1
其他,64921,智能天籁助眠枕，入眠更快,8,166,23,2,2
其他,64882,法国直采格拉斯小众腔调香水,12,260,17,0,1
其他,64874,牡丹籽油，孕婴儿专用油,9,288,6,5,1
其他,64227,泥泞跑上海站强势来袭,5,249,15,0,5
其他,63688,Vipoka铂金硅胶感温瓶,5,55,10,1,2
其他,64745,OLED宝宝灯点亮安心之光,9,180,12,25,1
其他,64251,我给您藏了一枚手工松花皮蛋,7,35,11,0,1
其他,63930,夏日密语-会说情话的巧克力,8,89,21,0,1
其他,64225,富光保温杯，进击的萌物,8,49,6,0,2
其他,64253,Biger重新诠释诗与远方,8,129,16,8,3
其他,64533,亿美康健康智能家用榨油机,7,1888,13,0,1
其他,64560,小功率大吸力 倍得福吸尘器,5,399,29,0,2
其他,63852,视贝超薄U型扫地机器人,6,899,14,0,3
其他,63933,萌在掌心里的空气质量监测器,6,198,5,0,1
其他,64305,坐姿矫正神器 拯救你的坐姿,7,39,28,0,2
其他,64542,索纳斯声波电动牙刷,13,39,37,0,2
其他,63693,水凝胶眼贴-缓解眼部疲劳,6,39,8,0,1
其他,64191,纤美瑞代餐粉 为更精致的你,8,72,11,4,1
其他,64488,YIPPEE敏感肌乳液,8,69,16,6,1
其他,64226,奈乐电动指甲刀NL8308,6,70,28,10,1
其他,63257,全方位乳胶枕体验非凡睡感,6,178,11,0,1
其他,63438,评书机T520—替我爱您,5,199,3,1,2
其他,63574,山米健康荞麦睡枕,8,259,8,0,1
其他,63244,德国红点大奖 智能药盒,13,99,6,1,1
其他,63214,北大荒不能量产的冰天雪蜜,9,69,35,7,1
其他,63035,EasyLive芒果情趣跳,6,99,16,1,4
其他,62978,中秋和迪士尼黑皮月饼在一起,10,168,26,0,1
其他,63671,韩国ClairB空气净化器,10,299,17,0,1
其他,62929,人鱼之水芭蕾指甲油,3,1,11,0,1
其他,63623,育儿神器 让纸尿裤变智能,6,159,5,0,1
其他,63680,若有儿童智能电动牙刷,7,79,17,0,1
其他,63598,金钻凤梨酥 飘洋过海来撩你,6,52,10,4,2
其他,63350,光辉岁悦心情老酒—酒魔造,8,128,16,4,3
其他,63665,环境罗盘 智能家居环境检测,6,659,27,17,1
其他,62852,取信之物-方寸间的艺术,6,88,18,53,1
其他,62956,吉内得富硒鲜活大米,6,15,11,0,1
其他,62783,独具匠心的传世主人杯,16,78,6,0,11
其他,63006,智能享瘦仪--告别肚腩,11,8,15,1,1
其他,62915,洗乐爽智能马桶盖,6,1099,28,0,1
其他,62713,告别油烟的智能烹饪神器,14,99,12,1,1
其他,62021,邦先生智能烘干晾衣机X12,5,1899,8,0,1
其他,62036,ACA全营养破壁料理机,5,369,8,38,4
其他,62773,AR欠揍虫让虚拟与现实互动,9,249,22,0,3
其他,61936,陪王凯细水长流 ,5,99,6,0,1
其他,61557,百老汇爆笑音乐剧《Q大道》,5,179,20,0,1
其他,62118,油切黑乌龙，都市人的福音,6,49,13,0,1
其他,62920,CC智能检测补水仪,7,129,18,84,1
其他,62788,河阴软籽石榴不吐籽的石榴,8,59,24,0,1
其他,61047,大兵萌妹“制服诱惑”保温杯,8,69,16,0,1
其他,61673,90后女孩的紫砂体验课堂,6,299,11,0,2
其他,61921,律兜企业法律顾问,6,769,4,3,1
其他,62801,ROMANT情趣男女共震棒,7,175,25,4,1
其他,62640,“咖狸”智能体温计,5,99,9,0,1
其他,62870,真人发声 智能啪啪飞机杯,9,149,41,2,6
其他,61571,汾酒集团72变酒,10,29,11,0,1
其他,61033,手上的浪漫日式樱花餐具,9,88,5,0,1
其他,61605,小贝壳超声波洗衣机,8,129,21,0,1
其他,61964,一次修车不被黑的体验,8,2,12,0,1
其他,61155,国宴清远鸡扶贫众筹,6,39,7,0,1
其他,61399,长白山天然蓝莓—明亮我的眸,8,69,20,0,4
其他,60965,伊西塔尔摩洛哥油妈妈沐浴露,8,178,6,0,1
其他,61559,钙果--水果美味唯它善补钙,7,36,11,0,2
其他,61608,皮克朋App智能情趣玩具,11,418,9,0,1
其他,61629,迟到的茉莉花茶，虽晚犹荣,12,66,24,0,7
其他,61819,普罗旺斯-全新香薰加湿器,7,138,12,3,1
其他,61537,一盒来自远方的美食,11,99,56,4,2
其他,61581,去黄土高坡，找寻天然槐花蜜,6,59,28,0,1
其他,61909,U·BOSS痛经宝 理疗仪,7,285,5,1,1
其他,60166,库拉岗日雪山徙步,5,100,19,0,5
其他,60376,可当手机支架的智能防丢女包,8,298,7,0,1
其他,60640,健康猫南京生活馆,7,299,5,0,20
其他,60323,关爱母亲，光伏发电精准扶贫,7,5,11,25,1
其他,60255,婷美私人定制内衣 为爱代言,4,520,5,0,1
其他,60106,32℃柞蚕丝恒温被,6,459,18,1,1
其他,60689,铲屎官的喵星戒,9,149,9,7,4
其他,60326,非厨房红烧酱，给你家的味道,5,39,12,8,1
其他,60947,一瓶拿得起放不下的白酒,8,39,19,0,2
其他,60788,福库进口电饭煲0397FG,12,3580,10,5,1
其他,60168,派喜鸟太阳能蒸烤炉,11,200,21,0,1
其他,60829,TTi-068 钛金竹筷,9,168,6,3,6
其他,60169,安全生态物理捕蚊器,5,128,24,2,1
其他,60287,可以吃的竹迹竹纤维抑菌纸巾,9,28,30,0,1
其他,60681,拯救最后的巧家小碗红糖技艺,6,18,28,0,1
其他,60129,沁和堂黑金茶首次比武招亲,13,99,5,6,1
其他,59885,物由心造·峤·文房,6,289,11,0,2
其他,59925,巧手鲁班动漫衍生早教礼盒,6,258,15,0,2
其他,59618,滴出美味冰爽咖啡,9,159,13,0,3
其他,59270,阿特泥黑檀整木茶盘茶具套装,9,29,25,0,3
其他,59668,一粒“性感”的驱蚊胶囊,7,29,4,7,1
其他,59864,《爆品战略》爆品打造秘籍,10,39,24,0,1
其他,59331,火火兔有声绘本投影故事机,8,269,18,0,1
其他,59979,贝拉比智能冲奶机,8,618,10,0,1
其他,59337,指间艺术 祖氏滇绣,14,268,49,3,2
其他,59804,来自长白山下的有机蓝莓,8,79,6,0,1
其他,59640,祐美跑步机9009s,7,2999,11,0,1
其他,59297,酷乐视S3 天屏·影院 ,12,1999,45,0,1
其他,59287,迈度 老年跑步机 ,7,1299,17,0,1
其他,59238,天然软壳蟹-我真的是软的哟,7,138,11,10,1
其他,59612,蓝木希抗过敏牛奶发酵面膜,7,69,8,0,1
其他,59253,你吃过燕窝一样滑的燕麦吗？,9,32,15,0,1
其他,58422,Seno不变形衬衫,18,2,22,0,1
其他,58313,意大利LAICA莱卡滤水壶,7,99,6,0,1
其他,58678,编程猫趣味编程课,6,99,6,0,2
其他,59187,美的21st负离子护肤水机,7,268,27,0,1
其他,58621,便携式水解臭氧发生器,6,498,6,0,1
其他,58965,Lebath乐泡机,6,399,29,1,1
其他,59004,我们只比传统阿胶多了点水,8,69,5,0,1
其他,58583,天赐良蜜——源自长白山,7,39,20,0,4
其他,59116,蚊虫叮咬止痒消肿器,7,39,27,0,1
其他,58337,易跑10吋智能彩屏跑步机,5,2399,19,0,2
其他,58622,便携式LED除菌牙刷盒,8,129,9,3,1
其他,59163,LG倍瑞傲做有颜有量的牙膏,9,89,6,0,1
其他,58173,ANGOO咹咕咕百科世界,9,80,18,0,1
其他,58270,婴萌智能冲奶机，育儿神器,9,998,34,0,1
其他,59135,舌尖味道，大别山散养土鸡,6,56,17,0,1
其他,58711,五粮液股份原藏天荣铂金版,8,99,16,0,2
其他,58219,一口好锅的铸造传奇,19,179,12,0,1
其他,58264,筹一个部落，去草原撒野！,7,980,13,0,1
其他,58512,优孕保孕期全程智能专秘,7,1880,18,0,1
其他,58003,景舟石瓢壶宜兴紫砂全手工制,8,78,24,1,8
其他,58260,藏一壶浓酽岁月——古树普洱,8,120,28,0,3
其他,58038,亿健家用跑步机X3,6,1699,18,0,3
其他,58257,为独立白领设计的玻璃水杯,8,1,25,0,1
其他,58196,于谦的酒。,8,99,13,0,1
其他,58265,凯速智能动作捕捉健身助教,7,199,23,0,2
其他,58242,好兄弟喝狐兔，为梦想启程！,10,79,18,0,1
其他,58048,#BBF小熊香水 臻爱献礼,11,269,12,0,1
其他,58017,水温计蘑菇，可以玩的温度计,4,69,8,0,1
其他,58249,儿童生活实践布书 ,6,289,9,1,1
其他,58227,露水保鲜—树上熟地标荔枝,7,126,21,4,1
其他,58079,金峰智能轮滑鞋,8,298,17,4,1
其他,58027,萌咔贴贴-说走就走的万用板,7,68,10,0,1
其他,57754,健康猫泉州生活馆,7,299,5,0,20
其他,57552,泥泞跑南京站火热开跑！,5,249,19,0,5
其他,57553,悦跑专业跑者装备礼包,10,99,12,0,1
其他,57797,启迈斯boss3大型跑步机,7,2899,26,1,2
其他,57481,小卡可编程儿童机器人,6,899,14,0,1
其他,57726,日本EAMAST健康护卫盾,7,79,10,0,3
其他,57488,川崎新型羽毛球,7,39,23,0,2
其他,57478,原汁原味正宗潮汕牛肉丸,7,78,11,0,2
其他,57565,芭翠提无醇气泡酒，来自澳洲,9,69,9,0,1
其他,57464,派蒂菈智能遥控情趣卫生巾,6,299,9,0,1
其他,57542,蜂王归来  蜜享到家,7,39,10,0,1
其他,57727,Smart Clock闹钟,8,149,14,0,1
其他,57775,Mini Gym智能健身器,6,49,24,4,2
其他,57785,伊吉康智能跑步机,7,2199,7,2,4
其他,57245,私享瑜伽课程 开启健康生活,10,128,13,1,1
其他,57122,一款为夏季而生的清凉枕垫,10,75,21,1,2
其他,57858,智能尿布监测器,8,42,29,0,1
其他,57725,酱紫的酒才珍的薯于你,6,39,5,79,2
其他,57317,NEWSEND空气净化器,11,1799,14,0,1
其他,56965,会自己收钱的乐控智能按摩椅,7,6179,18,0,1
其他,57037,远大智能新风肺保-Ⅱ,15,1580,34,0,1
其他,57155,STARESSO便携咖啡机,5,398,0,1,1
其他,57390,3D光能巴马坐垫,6,168,6,6,2
其他,57322,艾迪宝CP智能型羽毛球拍,7,199,14,0,1
其他,57154,由阿胶和红糖制成的养颜糖果,8,69,14,2,1
其他,57422,迪士尼滤水壶【紫外线杀菌】,5,799,15,0,1
其他,57178,双超智能网络单车,8,729,5,0,1
其他,56439,众筹你的爱情约定,5,1,7,0,1
其他,57454,路途乐儿童安全座椅,6,519,36,0,1
其他,57079,莱芜香菊,7,59,16,0,1
其他,56925,三只小猫轻情趣2.0侣行版,15,9,20,2,2
其他,56623,手工中药枕，全年好睡眠,10,70,5,0,2
其他,57440,欣宜家UH1智能家用榨油机,9,980,16,0,1
其他,56833,亿健K7智能跑步机,9,1999,29,0,1
其他,56394,眠趣22℃云母层极智凉感席,21,458,14,0,2
其他,56391,空气净化型除湿机,5,1680,27,0,2
其他,56396,一体式婴幼儿趣味硅胶餐盘,10,159,22,4,1
其他,56794,九十光年小光儿童陪伴机器人,6,399,6,0,1
其他,56351,一款高圆圆设计的手工皂,5,99,54,0,1
其他,56817,遵天命守匠心，古法酿造豆豉,7,25,8,0,2
其他,56531,智能物理灭蚊器,6,248,27,0,3
其他,56643,品质生鲜，水源地承德蹦跶鸡,7,139,15,0,1
其他,56606,台湾酵素享受品质健康生活,6,88,20,0,2
其他,56776,韩国护发新体验：蒸汽发膜,7,165,8,0,7
其他,56496,智汇秀 智能水杯,6,299,6,0,1
其他,56615,金桔蜂蜜茶 喝出美味好生活,7,38,15,1,1
其他,56770,兔哇避孕套/升级版女优名器,10,19,26,11,6
其他,56790,金冠石花张嘉译签名定制酒,7,99,3,0,1
其他,56253,欧文的派对-火影创意烧烤炉,10,198,19,0,1
其他,55983,陪伴孩子成长的礼物,4,349,29,0,1
其他,56087,一把伞的72变,12,79,8,0,1
其他,56277,思乐得单手直饮运动水壶,10,59,10,0,2
其他,55805,大满原装，非一般贵族净水器,9,2680,32,12,3
其他,55636,妩族二代无线智能塑形仪,10,369,12,0,3
其他,56101,端午节，我想和你一起包粽子,6,29,20,0,1
其他,56019,五朵樱花  樱为有你,8,198,31,0,5
其他,55598,建发宾杰金标AOC红葡萄酒,7,328,11,0,1
其他,55653,让舌尖永生难忘的台湾黄帝粽,9,68,8,0,1
其他,56089,定格舒湿小K恒湿智能加湿器,7,189,15,0,1
其他,55153,神奇！野生动物园搬进家里！,7,99,25,1,2
其他,55845,卫小宝doki儿童智能手表,14,299,5,0,2
其他,54885,一本爱乳小粉书，给每一个你,8,15,5,1,1
其他,54873,圆特殊匠人一个心愿,7,1,5,0,1
其他,55467,祁门老树红茶（野生无污染）,9,138,26,0,2
其他,55537,古法传承 回归的梅醋萝卜,5,16,18,10,1
其他,55330,『竹梅兰菊』台湾手雕茶具,5,169,5,3,3
其他,55486,智能羽毛球拍Smart01,9,189,7,0,2
其他,56237,超美貌的智能情趣玩具,11,299,23,0,1
其他,54752,BABO 婴幼儿杀菌除螨仪,10,99,28,0,1
其他,55328,怀宁蓝莓，蓝莓中的贵妃,7,78,7,0,1
其他,55436,多德士多功能收腹机,6,168,0,1,2
其他,55417,PetCare 宠物护卫 ,4,299,10,0,1
其他,54813,金稻面膜机5分钟享受面膜,6,199,1,0,1
其他,55357,高山梯田优质有机大米,5,19,8,0,1
其他,54849,HIGH爆来浩沙制造“热”,10,99,13,0,1
其他,55177,无法作假的蜜，保护中华土蜂,5,59,5,0,1
其他,55180,启迈斯趣味奔跑更享”瘦”,7,2799,13,0,3
其他,54989,华商龙行天下健康环保电子烟,7,29,26,0,1
其他,54809,日本NOVELLA无硅洗发,8,199,18,1,1
其他,55129,一颗配珠智能手串,21,159,5,5,1
其他,53914,狂想曲劲舞礼盒,5,30,5,0,2
其他,53955,明蓝坊趣味水杯,6,49,20,0,2
其他,53683,海尔卫玺智能马桶盖,10,1399,8,0,1
其他,54414,珍品黑檀茶具享茶道静怡之美,11,88,15,0,1
其他,54418,智能提醒香山体脂秤,6,69,7,0,1
其他,54539,你也许从未见过这样喝的茶！,5,58,19,0,1
其他,54301,舜洁SOOJEE智能马桶盖,5,1188,38,0,2
其他,53904,米拉卡可视化智能纳米补水仪,7,269,40,2,2
其他,54467,让一杯鲜茶陪你度过这个夏天,6,49,30,2,1
其他,54581,能击碎牙石的智能声波牙刷,10,99,28,0,1
其他,53897,幻响无疆便携智能血压仪,8,199,8,0,5
其他,54553,HQ汇强云互联智能跑步机,7,2799,32,0,1
其他,54109,风行Q1智能助力自行车,7,649,16,0,2
其他,54439,舌尖美味—洪湖油黄咸鸭蛋,4,43,12,0,4
其他,54196,理想主义的粉儿多少钱一碗,7,28,10,0,1
其他,54244,倡导健康生活，传承古法香道,9,99,27,0,1
其他,52924,少年派奇幻帆船夏令营,4,988,7,0,1
其他,53541,一件会发光的外套 ,12,199,26,1,2
其他,52845,边画边学的DK儿童涂鸦百科,8,49,14,0,1
其他,53516,鲸之爱 婴儿亲子智能辅食机,6,10,47,1,1
其他,53103,德云红酒，郭德纲有,6,168,24,0,1
其他,53081,贴身玩意“21克的爱”香水,11,49,24,0,1
其他,52852,“世界硒都”天然富硒米,11,16,7,1,1
其他,53628,大粤陈氏手工鞋,8,498,15,3,1
其他,52943,蝙蝠侠3-8岁儿童卡丁车,4,2190,0,0,1
其他,53297,端午传情，神奇台湾大肉粽！,10,20,14,24,1
其他,52883,古寺里的制茶人,8,79,1,0,7
其他,53619,宝吉智能珠宝佛珠 健康管家,9,699,7,0,1
其他,53680,Mbody美芭迪细胞仪,6,499,0,0,1
其他,52778,逗逗智能社交情趣跳蛋,8,29,7,0,1
其他,53631,爱贝源智能冲奶机,10,399,29,0,1
其他,53385,Eurdice鼻部芳疗精油,5,99,6,2,4
其他,51847,灰霾摄影展，让雾霾滚蛋吧！,5,1,3,14,1
其他,52639,12岁天才长篇小说《繁》,4,26,8,2,1
其他,51803,雅氛达全效便携式空气净化器,7,259,38,0,4
其他,52461,为您定制一款专属鳄鱼皮表带,6,398,20,0,2
其他,51826,来自韩国的强力去污清洁笔,7,75,8,0,7
其他,52100,洋河汉酒，巨匠之作限量收藏,5,838,10,0,1
其他,51836,阿伦选，带你味览天下,10,158,8,0,1
其他,52274,一壶油Pro家庭榨油机,6,69,7,0,1
其他,52544,AR动物园教宝贝学多种外语,7,88,6,1,1
其他,51956,布鲁柯尔蓝莓酒 来自加拿大,8,119,27,0,2
其他,52634,承千年沉淀，品百年茶香,5,269,12,0,2
其他,52710,上等佳肴，信阳高山红茶鸭,7,39,15,0,1
其他,52619,探秘·大红袍,10,68,6,0,11
其他,52708,三合一智能奶瓶清洗机,8,320,24,8,3
其他,51987,利仕智能LED台灯,5,328,10,0,1
其他,52623,加热飞机杯 冰火两重天,7,159,27,25,8
其他,51765,亨德利球迷见面会·商丘站,4,299,5,3,3
其他,51778,积木-diy收音机，故事机,10,99,11,0,1
其他,50848,新一代练字神器 颠覆传统,15,29,33,0,2
其他,51795,德国萨奇——中央前置过滤器,6,899,31,0,2
其他,51213,启迈斯智能遥控跑步机,7,1899,1,0,3
其他,50796,比斯莱自行车“惠”聚骑行,7,398,13,0,3
其他,51180,HBR虎贝尔儿童安全座椅,7,788,0,0,2
其他,51193,HBR虎贝尔婴儿手推车,7,788,0,0,2
其他,51770,自带撩妹特效的韩国欧巴面膜,9,99,8,0,7
其他,50897,爱易记微信智能药盒,5,289,15,1,1
其他,51669,奥玛登山机，享『瘦』很容易,9,7888,21,0,7
其他,50831,夏日美食—微山湖放养咸鸭蛋,7,39,9,4,1
其他,50960,刘一手重庆火锅底料,7,29,23,0,1
其他,51209,启迈斯跑步机  开启彩屏视,7,3199,0,8,1
其他,51151,老知青&太平猴魁的往事,8,118,27,0,8
其他,51463,一双穿7天不臭脚的袜子,9,36,33,0,1
其他,50480,泥泞跑北京站等您来挑战！,4,249,18,0,5
其他,50314,一房一车一路，也行也餐也趣,6,6680,10,1,1
其他,50720,CAL革命环保者家用洗碗机,6,1999,6,0,1
其他,50716,“多点”原创香樟木收纳盒,7,98,15,0,1
其他,50209,全手工高硼硅耐热玻璃茶具,9,68,14,0,2
其他,50729,锐度超蝙护肤能量筒,8,99,8,0,1
其他,50396,叶如来抄经卷—寺庙落叶制成,4,88,5,0,4
其他,50354,金嗓子草本植物饮料,13,119,10,0,1
其他,50468,福建古竹新鲜杨梅，甄爱之选,7,48,19,0,1
其他,50328,种子宣言 “懒人”睡眠面膜,8,99,11,0,1
其他,50253,美国进口 TCF芝士蛋糕,6,159,13,0,1
其他,50207,六姐妹蒲江丑柑,5,99,7,0,1
其他,50637,对妈妈的爱尽在这束康乃馨,6,88,18,0,3
其他,50264,印度藏红花手工冷制皂 ,10,28,5,0,1
其他,50657,爱的分享，健康“油”此开始,9,76,15,0,5
其他,50775,让水蜜桃替你表白,4,48,6,71,1
其他,49409,东菱“精准”智能电子烤箱,9,418,34,0,2
其他,49275," 欧文的派对I控温控炭烤炉",10,699,12,0,2
其他,49817,一盏历经千年的主人杯,9,69,0,0,11
其他,49403,iite儿童超能牙刷,6,99,32,0,5
其他,49913,“东方神蛋”神农鸟鸡绿壳蛋,6,78,12,0,2
其他,49943,无法将就的唯爱情与普洱,10,89,31,0,4
其他,49374,浪漫玫瑰树与爱的人静守岁月,5,299,5,0,1
其他,49811,小目平板护眼管家让近视走开,15,45,7,0,10
其他,49925,Melobaby妈咪包  ,9,499,5,0,1
其他,49644,开启孩子大脑迷宫的益智玩具,9,330,4,3,2
其他,49383,头茬蓝莓鲜果，唤醒你的味蕾,11,48,7,2,2
其他,49358,尼泊尔唐卡金银卡专场,53,1100,60,3,22
其他,49191,厉家寨生态大樱桃 甜过初恋,7,69,16,0,5
其他,49099,季德胜古法绝密配方手工皂,6,49,7,0,1
其他,49288,佰佳斯特合金钢儿童安全座椅,7,899,5,0,1
其他,49160,我的花匠日常及孕期护理内裤,10,36,4,0,1
其他,48529,动手写字，给母亲订制的梳子,10,159,11,0,2
其他,48699,喜临门乳胶卷包床垫,5,2099,0,0,1
其他,48692,洗净你一身尘埃的茶皂,9,50,5,1,1
其他,48917,意大利拉歌蒂尼钻石不粘炒锅,7,1,10,0,1
其他,48884,新鲜桑葚 源自大凉山的美味,8,49,20,0,1
其他,48593,寻参制皂—长白山人参精油皂,5,25,17,0,1
其他,48687," 和宝宝对话的好学童智能碗",6,88,15,5,1
其他,48456,挺妮维雅男士赢皇马签名球衣,7,1,14,0,1
其他,48966,“为孕而生”孕妇入院待产包,9,58,0,0,1
其他,48806,Ticwatch智能手表,7,999,5,0,4
其他,48434,星星世界里，艺术撞上手机壳,9,39,22,0,2
其他,48717,寻味潮汕正宗牛肉丸牛筋丸,6,79,16,0,5
其他,48017,凹凸租车好奇心众筹,7,200,6,0,2
其他,48714,美国格林APP智能跑步机,7,2999,0,0,1
其他,48962,暖童六点式儿童安全座椅,7,998,17,5,1
其他,48715,圣泉烯品石墨烯助眠枕,8,199,7,0,1
其他,48770,美丽雁荡山，神奇铁皮石斛,10,79,9,13,8
其他,47910,鸟巢儿童内裤，呵护“小鸟“,8,49,10,10,1
其他,48426,皮影影子-武圣关公,9,188,5,7,4
其他,48376,富信蜜多二代冷藏酸奶机,8,168,11,0,2
其他,48082,格兰特双进气三档调压电子烟,6,89,5,0,1
其他,47944,一杯雀舌的傲骨铮铮,11,69,21,0,7
其他,48399,FDF艾草热熏卫生巾,8,36,11,0,1
其他,48037,因味抢鲜 品茗狮峰西湖龙井,7,99,42,0,2
其他,47933,亿健智能彩屏跑步机,8,1999,31,0,1
其他,48210,万山红遍，普洱飘香画中国,11,599,7,0,3
其他,48093,棉集0~12岁有机棉婴童服,10,68,21,1,2
其他,47934,怪兽趴智能健康震蛋,6,299,5,0,1
其他,48414,罂粟花的爱，当艺术撞上黑伞,9,189,19,0,2
其他,48401,PEGASI智能睡眠眼镜,8,336,6,1,1
其他,48096,海蒂娜柔纯鲜初榨椰子油,8,58,13,0,2
其他,47282,十分心理的幸福研习社,3,220,9,1,1
其他,47035,放养熊孩子，让童年闪闪发光,6,299,11,0,1
其他,46640,海尔小贝台式洗碗机,6,2599,15,1,1
其他,47853,全新智能外星宠物儿童玩具,6,20,21,0,3
其他,46719,造吗？无患子变身璧皙·皂,8,89,7,0,1
其他,47000,花间纪牡丹立体雕花皂,8,88,8,8,1
其他,46713,财神到！尼泊尔唐卡财神专场,55,1100,61,3,22
其他,47810,一键打造24小时会呼吸的家,5,1599,8,0,1
其他,47428,品味—昔归古树茶的稀纯魅力,4,86,16,0,3
其他,47908,川崎智能羽拍I6健康管家,7,299,7,0,2
其他,46968,悦己盒子｜蜜养美肌，蜜养你,4,209,4,0,1
其他,47290,点净多功能户外净水背包,7,349,13,2,1
其他,46613,水仙-花园里的美容生活空间,8,380,8,0,1
其他,46698,三千海里外的西澳葡萄酒,7,78,12,0,1
其他,46439,一天上一百堂美学课,6,1,5,0,1
其他,47158,泡泡帮 全新洁护双手神器,10,19,4,0,1
其他,45999,2016中国嘻哈颁奖典礼 ,5,99,12,0,1
其他,47778,魅力衡水湖，倾心荷叶茶,8,55,4,11,1
其他,46048,《昆仑决》请你来现场嗨,9,50,6,0,1
其他,46298,元谷智能精滤家用榨油机,7,1979,0,0,1
其他,45740,法国设计鬼才颠覆凉鞋定义,16,299,24,0,1
其他,46414,我渴了智能厨房净水机,6,2999,14,1,1
其他,46028,会呼吸的香樟木衣架,8,88,5,2,2
其他,46191,火山石源于大自然的智慧花盆,10,29,12,0,1
其他,46446,实现你梦想的神奇手帐,9,19,9,8,1
其他,46012,BONNY多功能手机彩壳,9,38,30,1,1
其他,45992,阿尔卑斯高山有机纯牛奶,8,69,4,0,2
其他,46006,英氏宝宝成长全能床垫,9,99,1,0,1
其他,46269,美国原产原装原罐安康儿奶粉,7,1,12,0,1
其他,46463,春天，从一杯卢正浩龙井开始,8,69,20,0,1
其他,45741,艾纳优A-296纤体酵素机,6,169,31,0,5
其他,44884,跑 再多一步 ,6,199,5,0,1
其他,45140,泪滴型signal吊灯,9,298,18,0,2
其他,48379,Cling VOC心率手环,5,498,8,0,1
其他,44477,办公室车载健康靠垫,13,199,6,0,5
其他,45717,兜宝儿童趣味手工皂,6,69,7,0,1
其他,44603,爱偲带你玩转乌克兰 ,6,2,18,0,7
其他,45800,小熊旺旺投影仪,10,489,10,74,1
其他,45450,萨奇“黄金甲”超滤净水器,6,999,20,0,2
其他,45451,做有脾气的茶，有性格的茶室,8,79,9,4,1
其他,45521,美人计智能胸部护理健康仪,8,49,25,4,2
其他,44893,享悦生活可定刻手工茶具,7,79,8,3,3
其他,44542,飞龙杀虫，带您进入无虫世界,6,98,17,0,1
其他,44519,CB酵素喝出健康人生,8,399,6,0,1
其他,44399,比海边吃的海鲜还要鲜,9,365,21,1,1
其他,45627,龙井村-西湖龙井马上开采…,9,36,35,0,8
其他,45560,非比寻常的大马士革玫瑰花茶,10,80,4,2,1
其他,45480,金粉释佳原生草本逆龄面膜,7,299,22,2,1
其他,44381,城市先锋戏剧《致爱丽丝》,8,80,17,0,2
其他,45690,粒米科技运动袜,14,18,18,0,1
其他,44254,NASA科技非晶体合金刀,9,499,6,0,1
其他,43632,孕橙 • 孕笔 排卵检测笔,8,198,12,0,1
其他,43755,与登山奥斯卡男主共进早餐,6,70,3,1,1
其他,44106,你与超跑只有一元钱的距离,9,499,4,0,1
其他,44386,全友家居睡BAR光子绵床垫,6,2199,29,0,1
其他,44289,kalar奶爸包续写经典,9,249,13,0,3
其他,43312,雨果果净水注氧花洒,6,683,6,3,1
其他,43878,顽心MSFAN零负担内衣,6,199,7,0,1
其他,43554,SHINO口红跳蛋,8,129,6,0,1
其他,42550,青音魔法学院成为更好的自己,6,29,8,2,1
其他,43248,鲜可汗 阿尔巴斯羊肉,8,108,23,1,2
其他,43853,抢野•芭蕉头水 福佑全年,5,112,5,0,1
其他,42600,佛门赐福春联 为患儿募款,6,66,3,0,6
其他,43201,iMoc 1S智能电子烟,8,199,10,0,1
其他,41695,宜兴原矿紫砂杯全手工制,8,199,8,0,5
其他,44245,膝盖理疗专家，石墨烯护膝,7,348,17,0,3
其他,42120,只为您私人定制的书法作品,5,68,6,2,1
其他,42397,有型有心，蜜豆立体软围内衣,6,98,7,0,1
其他,43207,一款能够给牙齿补钙的牙膏,7,80,4,3,1
其他,41785,美空间299元/㎡搞定软装,9,299,17,0,1
其他,41929,荷茶纯银茶器,8,139,6,4,2
其他,43048,微跑小蛙可穿戴体感游戏机,7,69,16,0,1
其他,44382,悦动牙刷杀菌专家,7,199,6,7,1
其他,42082,过年撒欢！首汽租车带你回家,5,999,4,10,2
其他,42486,小鸡叫叫儿童故事音箱,12,99,6,0,2
其他,41957,若饭：随时随地解决吃饭问题,9,49,11,0,1
其他,41449,与激情相约，同哈雷共舞！,6,1,8,2,1
其他,41499,桂林罗山湖，众筹你的温泉,6,39,19,0,1
其他,41903,一杯历经百年的大红袍,7,60,5,0,11
其他,43016,伊世芙众筹发现美,7,199,6,0,1
其他,41390,0-7岁萌宝定制阅读包,7,1,6,0,1
其他,41021,熊出没，给孩子一个熊抱抱！,8,49,15,0,2
其他,41454,为西藏“光明工程”募集善款,7,1,5,1,1
其他,41401,技航便捷加热高级营养破壁机,6,399,26,0,1
其他,41754,昂臣A8全息足疗机,7,499,6,0,4
其他,41498,秦岭北麓农场一果一蔬一田园,21,28,15,1,1
其他,41505,中秀“芯”体验蚕丝被,6,799,10,2,1
其他,41799,WOWCUP表面清洁机,7,699,6,31,1
其他,42964,百彩嘉为500名新女性点赞,6,9,5,0,1
其他,41649,每奥硅胶抗菌智能电动牙刷,6,199,5,0,2
其他,41400,ihole前列腺智能按摩器,8,149,27,2,6
其他,40892,KEAL儿童减负护脊书包,6,359,0,0,1
其他,41411,无止净——您的洗衣管家,10,299,7,4,1
其他,41478,90%似真烟，老烟炮抽蓝白,6,19,12,0,2
其他,40747,脉针祛痛宝，智能止痛助手,11,199,6,0,1
其他,41495,一款吃不腻的花生糖,9,98,8,5,1
其他,41114,鲜有人知的酸甜 霜降老苹果,4,48,15,4,1
其他,40614,给狗狗安全的新家,6,3,3,8,1
其他,34509,《左耳》——为青春众筹一次,8,80,12,0,1
其他,40631,缓解腰痛，若云新型健康床垫,9,1899,5,0,1
其他,40377,鸿基净化宝，尽享深呼吸,8,128,8,3,3
其他,34443,恒大亚冠盛典运动员定制大米,10,58,20,1,2
其他,34381,让孩子成为最受欢迎的人,3,1,4,0,2
其他,34732,寻找200名怕看牙的孩子,6,199,3,0,1
其他,34560,千年玲珑瓷,6,60,3,1,2
其他,40320,宝乐丽家  智能婴儿车,8,2999,9,0,2
其他,40579,筋斗云･小企业的战略私董会,7,1,5,1,1
其他,40350,医学尺寸贴心设计生物牙签！,6,99,4,2,1
其他,40743,皕嘉儿童智能体温计,5,99,10,6,5
其他,40407,拯救懒癌：衣服脏了5秒焕新,9,59,10,0,1
其他,34768,烯康宝，石墨烯理疗套装,7,330,14,0,3
其他,34767,亚洲大厨手工酿大颗粒牛肉酱,12,30,11,0,1
其他,34366,在箭扣长城上住酒店,7,20,29,2,1
其他,33723,室友一起宅，现场大趴,7,52,5,0,1
其他,40543,穿不脏的鞋子，颠覆你的想象,9,79,18,1,1
其他,33757,8H床垫 梦开始的地方！,18,1,31,0,2
其他,33910,圣天虹智能音乐按摩文胸,7,398,6,0,1
其他,34348,黄金编剧团,1,10,1,0,1
其他,34179,"为了枕边人,换个止鼾枕。",7,529,12,2,1
其他,34154,极地冰球,9,208,10,0,10
其他,33842,微动力塑脸仪：面膜新革命,6,39,8,2,1
其他,33619,可充电智能送风口罩,8,68,31,0,1
其他,34162,十感沉浸互动鬼吹灯,13,10,12,2,1
其他,33577,他们都在改变世界，你呢？,7,1,2,0,1
其他,33969,爱在伯乐，不梨不弃  ,7,49,0,0,3
其他,34168,ASTAS虾青素护肤套装,6,998,5,0,1
其他,33667,润生活一檀一沉一器天然香礼,6,58,5,3,3
其他,34110,大美荔波，神奇茶油,5,99,19,1,1
其他,33668,呵护密码抗菌内裤，免单众筹,7,99,10,145,1
其他,33547,大吉成长记亲子安全舞台剧,5,78,6,0,1
其他,32804,传承古典文化 随缘春联,5,90,10,1,1
其他,31731,拾遗千年的梵音,8,59,8,0,1
其他,33098,艺起学，学钢琴其实很简单,10,499,14,0,1
其他,32780,吃菇有益 美味又养生,8,126,7,0,1
其他,32762,蜂一样的少年，蜜一样的纯洁,9,24,12,0,1
其他,31684,AURA清吸口罩,14,99,8,0,1
其他,33309,宜兴紫砂•称心如意纯手工壶,8,68,11,4,2
其他,32699,魔法森林3D+AR创意礼品,8,99,16,0,2
其他,33246,不会做饭也能轻松做鸡汤！,8,48,20,0,1
其他,32782,一生值得品尝一次的好梨,7,69,9,0,2
其他,33264,又快又持久，我要一“杯”子,9,98,6,8,2
其他,33348,趣宝宝智能婴儿看护器,14,299,6,0,1
其他,33570,牙伴侣口腔护理神器,7,199,6,4,1
其他,32864,倾净去农残 健康本无忧,7,38,5,1,1
其他,33083,拥有此“车”，别无他求,10,29,34,0,1
其他,31540,自驾探寻《魔戒》之旅,7,899,26,0,1
其他,30801,发热会呼吸-紫絮暖绒丝绵被,8,398,18,0,1
其他,30963,四大名陶之建水紫陶,9,99,5,2,2
其他,31279,沙米，沙漠里种出的大米,7,120,6,0,1
其他,31145,家庭紫外光牙具消毒器,9,99,7,0,1
其他,30872,为信用加分的“宜苹果”,7,69,6,0,1
其他,30811,集智核动力琥珀/椒盐核桃仁,8,18,7,0,2
其他,30907,7年陈香珍藏普洱寻知己,6,89,6,0,4
其他,31361,京拍档狼牙众筹,9,2999,8,0,1
其他,30825,仿母乳智能分体玻璃奶瓶,10,68,12,0,1
其他,31135,萌动智能孕期助手,13,69,9,0,1
其他,31244,爱玩的原创鸡尾酒,11,9,43,0,1
其他,30912,会说话的亲子互动游戏帐篷,11,49,6,2,1
其他,30414,无霾之旅,12,29,6,0,1
其他,31257,美国原装进口 婴儿助眠包巾,16,199,26,0,1
其他,31126,一糯千金，铸酒为你,9,85,10,12,1
其他,30717,韩梅梅比利时进口乳胶床垫,11,1899,9,3,3
其他,30440,艺术名家安青怀大师原作众筹,7,298,4,28,1
其他,30063,一个叫萌八怪的手机大声公,7,189,7,0,1
其他,30626,美得不一样的宜兴紫砂壶,7,78,18,0,1
其他,30549,符娃凳：定制专属童年礼,7,128,3,3,1
其他,30611,一款更懂你的化妆刷,12,28,8,0,1
其他,30178,您皂吗？这么任性的手工皂！,7,98,7,0,1
其他,30681,西湖情-因一个人爱上一座城,4,260,5,37,6
其他,30689,星辉MINI折叠三轮车,5,599,0,0,3
其他,30640,星际战士DIY智能机器人,6,228,6,0,1
其他,30151,扛把子来了，电商团队有救了,4,1688,10,0,1
其他,30607,宠爱全家，别错过顺纤维！,9,79,6,1,1
其他,30537,父辈喝过的老成都盖碗花茶,4,59,29,0,7
其他,30496,插画印象 装饰画与纸钱包,7,30,4,0,1
其他,30653,大隐千年的中国  谷雨烟茶,6,399,8,10,2
其他,30249,伊犁鼠兔 手机云玩具,8,78,6,11,1
其他,29933,白石嫡亲再现传世藏品画作,8,298,10,0,1
其他,29857,《一家老小向前冲》方言潮品,9,50,25,0,1
其他,29720,快捷砧板，快乐美食生活,5,99,5,0,1
其他,29797,唐小姐的酒馆 东方美人酒,5,139,16,1,1
其他,29882,三天学会正宗陈氏太极拳,7,209,7,1,2
其他,29244,鬼吹灯之言为心声—摸金符,6,880,7,0,1
其他,29576,甜言米语，一份新米一份心意,8,18,32,1,1
其他,29658,氢养道富氢杯，为健康加好水,6,168,7,0,1
其他,29990,会变魔术的神奇3D魔盒,9,129,24,0,3
其他,29721,疯糖智能情趣玩具,7,189,8,0,1
其他,29786,阿思翠智能运动蓝牙耳机,6,199,4,0,1
其他,29444,明式宜兴紫砂茶叶罐,9,168,28,0,2
其他,29856,赣南脐橙 启“橙”之路,5,33,17,4,3
其他,29730,AirAngel空气净化器,7,299,7,0,1
其他,29855,e扣：婴童防丢众寻智能专家,10,78,9,0,1
其他,29760,为孩子成长筹建健康粮仓,10,39,19,1,1
其他,29527,让我们抱着青春突围,6,19,3,3,1
其他,29517,颠覆传统的时尚消毒喷雾,7,38,20,0,1
其他,29745,给村长叔叔打个电话吧！,7,399,6,0,1
其他,28722,燃在心中，我就是创造,4,99,4,0,1
其他,28804,要你一起·爱吧 音乐盛典,7,1,4,0,1
其他,29430,德国组合式妈咪包，让爱有型,8,399,6,0,3
其他,29087,天赋魔方 从本质上了解孩子,6,2999,5,0,1
其他,28703,美梦精灵，为孩子独睡减压,3,20,4,0,2
其他,29119,j-NOVA智能温控户外装,3,1111,13,0,1
其他,29356,绿之翼隐形口罩新型抗霾利器,7,10,8,0,1
其他,29406,五百家一起，包个菜园子！,8,99,11,0,1
其他,29353,69智能情趣电臀二代,11,1799,7,0,2
其他,29166,众筹未来 做紫砂品牌创始人,6,500,24,1,1
其他,29286,儿童硅胶版“秘密花园”,8,58,13,3,1
其他,29462,一粒松籽  一座长白山,9,1,10,5,3
其他,28701,实感射击，一整年“霸王餐”,4,200,11,2,1
其他,29390,汈汊湖的蟹又肥了,5,119,11,0,3
其他,28970,小普洱闹革命让普洱简单起来,7,48,13,0,5
其他,28673,健康安全的D8智能保温杯,9,168,4,0,1
其他,29368,与熟悉的声音 共赴声音剧场,8,80,11,31,3
其他,28619,控制二手烟，有它就这么简单,6,368,5,3,3
其他,28662,堂悦坊麦饭石多功能快客杯,9,99,13,0,7
其他,28594,我想静静，大朴智能止鼾枕,8,899,15,1,2
其他,28564,2个月通关6年英语,7,2,8,0,1
其他,29348,与熟悉的声音 共赴声音剧场,8,80,11,31,3
其他,29226,与熟悉的声音 共赴声音剧场,8,80,11,31,3
其他,28614,一个让妈妈蜕变为女神的课程,6,299,8,0,1
其他,29024,小姨妈茶·暖心陪伴,6,68,6,0,7
其他,29069,净的富氢水杯，还原健康好水,8,299,18,0,2
其他,28453,无味空间除甲醛净味贴,9,1,5,1,1
其他,28904,求包养——爱她就把TA带走,8,168,5,2,1
其他,27634,京东金融2周年个性化邮票,9,50,6,3,1
其他,28297,咕噜咕噜美人鱼，亲情体验季,3,69,9,2,1
其他,28716,有IQ的鹅绒被，全家抢着睡,10,1111,16,7,1
其他,28081,300年树龄的古树茶,6,188,20,0,8
其他,28044,唤醒自信为美丽而来新潮女包,9,88,8,0,2
其他,27670,一个能让您心静的置茶罐,6,159,5,8,1
其他,27861,蓝堡智能折叠健身车,10,548,13,0,1
其他,27630,海尔车载净化器,7,299,4,0,1
其他,27772,帝王用瓷-给您最健康的饭碗,7,39,5,6,5
其他,27706,UBEST南瓜娃娃车音乐版,7,399,10,0,1
其他,27633,科技抗菌，让宝贝安心出行！,8,29,45,0,1
其他,27978,橙新诚意 “裸奔”而来,9,88,8,2,2
其他,28127,优质香水百合花春节送到家,8,79,14,2,1
其他,27852,艾益家智能艾灸+艾草足浴,6,499,28,1,1
其他,27951,蛋生园3D绘本,9,128,17,0,2
其他,27946,静静无人机：萌宠自拍神器,10,599,30,0,1
其他,27576,以爱之名，品味生态鲜鸡之美,8,108,7,1,1
其他,27562,虎见福建-保护华南虎微电影,8,59,5,0,1
其他,27560,历代书画名迹开光复制品众筹,9,220,14,0,3
其他,27391,当徳化白瓷茶具遇上雪花纹理,6,60,3,3,3
其他,27045,专属定制妆容摇滚甜心彩妆盒,9,69,6,0,1
其他,27251,源自宇航科技的移动美容院,9,111,8,1,1
其他,27172,水舞伞，一把不湿的晴雨伞,7,199,12,0,1
其他,27090,虚境堂青花茶器 开启茶文化,5,98,2,4,1
其他,27139,MasaMax多功能外套,5,699,13,0,1
其他,27267,源自北大荒的孕婴专用米粮,8,36,12,0,1
其他,26894,时光硒望2015·当季新米,7,59,5,0,8
其他,27093,水动感，享受型智能水杯,6,158,4,0,1
其他,27355,好茶在民间 8年紫韵紫芽茶,8,99,21,0,5
其他,27216,STL恒温健康电子烟套装,4,39,22,0,1
其他,27012,自闭症小画家们的赞美画展,5,1,0,1,2
其他,26860,皓群电热羽绒服，暖暖都是爱,9,399,10,0,1
其他,27222,睿子园积木-孩子创造的基石,10,11,6,17,1
其他,26843,唯喔足球，极致跨境足球体验,5,50,10,0,1
其他,26821,糖罐 - 曼谷跨年狂欢之旅,5,169,7,0,1
其他,26550," 传承千年，手工秦筝",4,2998,9,0,7
其他,25784,三只小猫年轻人第一套轻情趣,9,69,7,2,2
其他,25816,民间手工篆刻 ——《禅印》,5,119,19,0,1
其他,25964,为男士设计专属的东方内衣,9,48,38,0,1
其他,26444,八月照相馆 此生爱要不一样,15,999,5,0,1
其他,26791,筹个TA，回家过年,5,699,25,0,2
其他,26823,孕妈专享，留住年轻的法宝！,8,59,7,0,1
其他,25886,招募100＋智能硬件团队,5,1,12,9,29
其他,25905,微播圈筹人气，好产品必须赞,1,0,2,4,1
其他,26407,德国制造Humana奶粉,7,28,8,0,1
其他,25939,协寻有爱 遛娃尽心,9,11,7,0,1
其他,25365,与芭蕾女神希薇•纪莲的邂逅,5,1,7,3,1
其他,26430,来自日本节能安全魔法压力锅,7,328,5,0,1
其他,26536,谁能？分享您的甜蜜和喜悦！,8,53,20,2,1
其他,25418,每天都懂妳 气色自然好,6,56,21,0,1
其他,25540,天然中草药植物洗护套装,7,78,7,0,1
其他,25908,熊猫社会化媒体营销众筹服务,11,1,4,30,4
其他,25767,虚极·宜兴原矿纯手工紫砂壶,5,260,26,6,1
其他,25713,沂蒙高山小米，惊喜你的味蕾,6,15,8,1,6
其他,25458,MFI多功能智能防丢数据线,5,1,6,9,29
其他,25159,超活水+，让家告别虚假洁净,8,1,15,0,1
其他,25349,爱心护家，现在开始不早了！,6,120,8,4,1
其他,25769,你的女人，缺一双好鞋,11,111,6,0,1
其他,25186,禅心为茶，拂拭游云,6,99,4,0,1
其他,25574,站在股神的肩膀上学金融,6,3980,9,2,1
其他,24581,天涯海角年度婚礼,9,1,5,0,1
其他,25143,利和家老姜油，有温度的连接,6,39,18,1,1
其他,25472,新鲜放心粥米，我为孩子出品,8,28,12,3,1
其他,25378,月精 经期排卵日监测仪,11,99,6,0,1
其他,24639,那些人民谣季—听真正的民谣,6,1,4,5,1
其他,25595,北纬39度的大连野生海参,6,199,11,3,1
其他,24565,宜兴纯手工紫砂壶合欢壶,10,1,39,1,8
其他,25115,牧羊人生物智能助眠师,6,799,6,31,2
其他,24332,8H床垫 软硬随变,18,1,25,0,2
其他,24387,好博瑞护眼利眠健康眼镜,9,1,6,1,1
其他,24105,卡菇检测家居环境的自然精灵,6,1,9,0,1
其他,24423,众筹一场海边的设计之旅,10,50,14,0,1
其他,24352,让你嗨爆G点的杯子,7,1,10,0,2
其他,25080,第一眼，中国,10,120,6,0,1
其他,24989,原产地茶农特供,7,1,25,0,8
其他,24671,永寿苹果，氧吧中的新鲜味道,6,58,5,0,1
其他,24139,力博得OR智能电动牙刷,6,1,7,0,1
其他,24479,金赞多功能防胀气奶瓶,7,1,6,0,1
其他,24362,寻找舌尖上的放心大米,6,1,7,0,1
其他,24742,PPT让你为爱做得更多,8,20,24,0,1
其他,24098,贝沃姆开启宝宝洗浴智能时代,6,99,5,0,1
其他,23667,来水立方体验真实飞机驾驶,6,188,18,0,1
其他,24075,从长安到长安·岩途·脱口秀,6,1,1,0,1
其他,23711,拯救和传承尼泊尔唐卡艺术,89,400,33,3,22
其他,23582,夹克厨房轻奢火锅&麻辣美食,12,98,26,0,1
其他,23658,（：意思：）设计沙龙,2,1,6,0,1
其他,23827,艺术苹果—为爱定制因爱而生,7,1,20,0,1
其他,23997,3D内雕天然水晶吊坠,5,169,8,0,1
其他,23707,宋青白瓷-风雅生活必备,8,89,6,6,5
其他,23928,任性小米金酒，一点美好想象,7,1,15,3,1
其他,23753,Sweety超级手表,7,229,24,0,1
其他,23666,艾优味，哎呦喂！神奇的蛋！,9,96,4,1,1
其他,23755,助一亩良田 建专属粮仓,7,1,5,0,1
其他,23579,你的一棵树 全家一年果,6,1,22,3,1
其他,23477,比巴智能早教音响【绘本版】,5,1,11,0,2
其他,23976,加入帮帮团，助力援手日,5,10,5,2,1
其他,23632,甜蜜旅行家，挑战蜂蜜极致,7,99,12,10,4
其他,23080,深山秘境，东方橄榄油的秘密,6,1,8,0,1
其他,23305,两小无猜故事写真集,7,1,2,0,1
其他,22519,大黄鸭儿童成长学习桌椅,10,1,7,0,2
其他,23849,刚走出大山的新鲜野生板栗,6,1,8,6,1
其他,23127,云懿不仅仅是普洱茶,6,36,25,0,1
其他,22702,携手作战，让爱“动”起来！,9,1,51,0,3
其他,23102,“众”下一颗茶树，送给TA,5,100,13,1,1
其他,22650,艺觉砧板 · 不止一面,16,99,9,2,2
其他,22576,西泠印社礼佛经典《心经》,4,1,10,0,3
其他,23492,镇瓷轩－深海霁蓝釉瓷,8,1,5,0,1
其他,22552,90%接近真烟口味的电子烟,5,1,5,0,2
其他,22534,超级万学堂，开学畅学“派”,7,1,5,0,1
其他,22689,颠覆视觉与味觉的黄道仑黑茶,6,1,5,1,1
其他,23476,巴比立方 智能果蔬种植机,10,1,25,0,1
其他,22218,森林音乐会 共筑绿色中国梦,7,1,3,0,1
其他,21833,保温瓶·握拍发力器,7,1,30,0,1
其他,23496,一大波澳洲原生态奶牛求包养,7,1,32,1,1
其他,22054,来一场书香与茶香的约会！,7,1,28,5,1
其他,21948,2015幻想公园科幻嘉年华,7,1,11,1,1
其他,23077,卸力背带-乐享出行,8,1,40,64,1
其他,22404,乐孕阿狸小小云护腰哺乳枕,8,1,0,0,1
其他,21462,神奇富氢杯 快速改善水质,8,1,5,0,1
其他,21512,QQ家族可骑坐卡通旅行箱,5,10,14,0,1
其他,22397,笔韵茶香智能王茶饮机,5,1,6,6,1
其他,22413,葆威智能温控健康电子烟,6,1,22,0,1
其他,22516,24节气养生 孝养不重样,5,1,9,1,1
其他,20968,健康的萌猫,8,1,12,1,1
其他,21779,享瘦日记---便捷营养减餐,7,1,5,0,1
其他,20419,京城秘境正乙祠带你梦回百年,10,48,5,0,1
其他,21905,上海，看一场不一样的杨丽萍,9,1,4,0,1
其他,22431,会讲好故事的儿童早教”鸡“,11,1,11,2,1
其他,21876,宝宝智选，22度恒温纸尿裤,6,1,17,1,1
其他,22101,健康管家—1对1健康顾问,6,1,18,3,2
其他,21024,除氯美肤沐浴净化器-乐淘水,6,1,29,0,1
其他,21129,犀牛小姐内衣，衣橱必备款,5,1,5,0,2
其他,20876,从纸面到布面，为你挑好内衣,7,1,7,0,1
其他,22103,让孩子远离近视的智能管家,6,1,19,5,3
其他,20972,原上草带您走进美丽苔藓世界,6,1,9,0,1
其他,21328,你知道你的“基密”吗,7,1,5,0,2
其他,20495,品味生活之美 选锦骨瓷餐具,8,1,8,0,1
其他,20913,农民伯伯的蜂蜜不加料,5,1,5,1,1
其他,21021,FP按月订阅花田鲜花,5,1,12,0,1
其他,20059,会说话的月饼君,10,1,9,0,1
其他,21404,倍力乐智能震动环,6,1,6,0,2
其他,20121,好孕100让您备孕无忧,8,1,21,0,2
其他,20116,英语森林AR互动4D魔法卡,10,1,5,2,2
其他,20898,一把会行走的茶壶,5,1,13,0,1
其他,20680,逗比木木引领卸妆革命,8,1,4,0,1
其他,19102,一只可以使劲拍的杯子,9,1,6,0,1
其他,20032,不多Budo极致性价比床垫,8,1,8,0,1
其他,19930,密西西比 防磨脚润足膏,8,1,4,0,1
其他,20050,爱如空气 蜜时避孕套,9,1,7,0,1
其他,20021,一杯可以睡前喝的茶,9,1,10,0,1
其他,19274,神级轻断食，只在暖食,7,1,30,0,4
其他,18993,从泥开始的艺术,5,3,3,0,1
其他,19430,领养核桃树，圆梦树龄王,8,1,3,1,1
其他,19013,筹人品啦！攒够人品赢未来！,7,1,3,6,1
其他,19719,机蛋宝宝儿童早教学习机,9,1,5,0,1
其他,18531,蓝猫扫扫乐•AR恐龙魔卡,3,1,6,0,1
其他,18012,吾皇周边，为流浪动物众筹,7,1,3,0,1
其他,19847,蒙顶山下，猕猴桃熟了！,5,1,11,8,1
其他,19589,E喷视液——细胞养目清爽剂,12,1,8,0,1
其他,20048,黑毛猪月饼—真正的上海味道,8,1,13,5,1
其他,18628,“卸甲英雄”巴特尔再逐梦！,6,1,4,0,1
其他,18727,聚焦，让您的婚纱照脱颖而出,5,1,25,0,1
其他,19914,吸吸乐 美国创意拼接玩具,7,1,18,1,1
其他,19940,晋味美，淳朴的健康美味,6,1,3,0,1
其他,18672,森活硅藻土脚垫带你踏触土壤,9,1,17,0,3
其他,18495,竹愿｜纳福，由你所创的惊喜,10,1,10,4,1
其他,18942,迷了路-配方花茶,8,1,28,0,1
其他,17981,追寻原味：阳光可人嘎啦苹果,6,1,5,0,8
其他,18587,Kitty轻盈高景观推车,8,1,7,0,1
其他,18612,凯康智能多功能计数仰卧板,9,1,40,0,1
其他,18013,追寻原味：热带果王金煌芒,6,1,5,0,8
其他,18397,爱和酷智能奶瓶,7,1,10,0,1
其他,17988,成为营养师 成为更好的自己,4,1,13,4,1
其他,18535,智能婴儿床垫，宝宝更爱睡,7,1,6,0,1
其他,17986,宝宝说智能家用胎心仪,5,1,10,0,1
其他,18311,依云水精制me2u莹澈面膜,9,1,8,0,1
其他,17377,予佳庆一支花，为婚礼筹祝福,4,10,4,0,1
其他,18072,DOTA2-TI5线下观战,9,8,4,1,1
其他,17727,《黄河万里图》,10,1,17,0,1
其他,17463,拉拉纯爱泰国之旅,5,1,4,3,1
其他,17424,007儿童定位手表待机之王,6,1,6,0,1
其他,17651,迷你iball智能紧致哑铃,5,1,8,2,6
其他,17903,概念定制  高端儿童自行车,10,399,6,0,1
其他,17973,追寻原味：阳山湖景水蜜桃,7,1,5,0,8
其他,17813,追寻原味：一口爆浆水果玉米,8,1,5,0,8
其他,17774,追寻原味：城市牧羊人,9,1,5,0,8
其他,17734,熊猫眼专用熊猫眼膜,5,1,5,30,4
其他,17921,撕货套装，狂躁症治愈系,6,1,10,1,1
其他,17220,杞飞专注健康  助飞梦想,6,1,7,0,1
其他,17680,放心怀孕的蔬果天然叶酸,7,1,10,1,1
其他,17878,追寻原味：理塘的松茸苏醒了,8,1,5,0,8
其他,17489,佳贝艾特妈妈配方羊奶粉,9,1,5,0,1
其他,17820,MW中空轮滑板车,7,1,4,0,1
其他,16583,王力宏首场线上互动签售会,6,2,4,0,2
其他,17132,缅甸丹老群岛帆船航海之旅,5,1,11,0,1
其他,17090,创业大革命遇见商道新思维,9,1,5,0,1
其他,16486,互联网快营销茶馆，约么？,6,1,6,0,1
其他,16953,和正能量联盟预约团圆,5,1,12,0,2
其他,16983,以更好的方式，告别厨房垃圾,5,1,19,0,3
其他,16172,来一杯健康的古树滇红茶,6,1,8,0,4
其他,17196,母婴专用滤水壶，来自意大利,5,1,27,0,1
其他,16602,一家一圣人：把孔夫子请回家,4,1,10,0,1
其他,16870,菠萝树5D智慧字母玩具,5,249,14,0,1
其他,16014,十二花神杯 传递东方的优雅,6,1,6,6,5
其他,16742,尼库商务便携式盒子电子烟,7,1,29,0,1
其他,16207,节省30%一样装修出好房子,4,1000,4,0,1
其他,16286,费雪宝宝围栏，带着爱放手,7,1,17,6,1
其他,16373,MTea邀你上门约泡,9,1,8,18,1
其他,16450,亲妈才给买的安全座椅,7,1,22,6,1
其他,15045,极致体验私人飞机,8,1,4,0,2
其他,15053,夜光拖鞋，照亮爸妈起夜的路,4,1,4,0,2
其他,14693,光爱宝高效漫反射婴幼儿灯具,7,1,6,0,1
其他,15373,新锐悬挂筷子，畅享筷意人生,6,1,7,0,1
其他,14997,优极原创分体设计运动水壶,8,1,6,2,1
其他,15558,茶素材，早已与你不期而遇。,5,1,5,9,2
其他,15438,珠联璧合之链恋定制手链,8,1,9,16,4
其他,15383,一粒松籽到一颗蓝莓的旅行,7,1,10,5,3
其他,15375,夜太黑，香迈沉香茶伴君入眠,7,1,6,0,1
其他,15062,爆笑舞台剧《乌龙山伯爵》,5,200,12,0,1
其他,15887,购运动手环与C罗零距离接触,4,1,7,0,1
其他,14882,拼酒还是拼命？解酒基因检测,6,1,14,0,1
其他,14902,靓肤新宠*纳米喷雾补水仪,9,1,7,2,2
其他,14761,臻爱·轻奢荷尔蒙食养茶,6,1,8,0,1
其他,14929,2015互联网女皇报告解读,5,20,7,1,1
其他,15367,当梦想遇上美丽,6,1,9,8,21
其他,14305,7-11聚众飙车，你敢来吗,7,1,5,0,1
其他,14544,一份来自青春的请柬,10,1,13,0,1
其他,13935,和蒙曼相约木偶剧院亲子之旅,10,1,6,0,3
其他,14509,竹子城市休闲自行车,5,1,6,2,1
其他,14275,老乌山里，普洱茶香,7,1,4,0,1
其他,14413,正反双向驱动儿童自行车,13,1,48,3,1
其他,14684,扭腰客情侣浴巾,9,1,16,23,1
其他,14028,坚持古法手酿的纯粮好酒,5,1,4,0,1
其他,13459,与《仙剑六》共赴纯美之约,6,60,5,0,1
其他,14554,元阳哈尼梯田生态红米  ,5,1,4,0,1
其他,13974,空气盾 无电灭菌车载净化器,8,180,32,2,1
其他,14089,Boo 一支带有魔力的牙刷,7,1,16,2,1
其他,13938,嘘嘘宝  智能育儿助手,8,1,5,4,1
其他,14031,SMY迷你温控大烟雾电子烟,5,1,11,2,1
其他,13680,支持张正的长城计划,5,1,5,1,1
其他,13610,鲜途欧洲真空保鲜专家,8,1,10,0,1
其他,14248,洛比智能学习机器人,7,1,5,50,1
其他,14242,格外多德  专利红酒,6,1,5,1,1
其他,13053,"百得康心电宝,医生伴你行",6,1,3,0,1
其他,12381,拿的出手的清洁尤物,7,1,16,0,3
其他,12981,炮炮兵，特种兵夏令营,3,2,4,0,2
其他,12276,筹一座冥想隐修的山居禅院,6,1,3,0,1
其他,12459,腾爱云新型婴幼儿智能体温计,7,1,13,0,1
其他,13528,留美博士奶爸的喂奶神器,7,1,5,8,2
其他,13304,卡丁车开启宝贝探险新旅程,6,1,10,0,1
其他,13586,专为少女研发定制的卫生巾,7,1,5,0,1
其他,12709,全新大型桌面空气净化器,9,1,10,0,11
其他,13642,Aller等离子除菌箱,8,1,4,0,1
其他,13612,屋莫愁 168套6.18折,27,61800,0,0,22
其他,13500,屋莫愁 众筹买房为家享更多,24,20000,0,0,22
其他,13170,SILI-CUP健康杯,6,1,23,4,1
其他,12627,期货原来可以这样玩,8,1,5,0,1
其他,11529,国民暖男让生理期不再孤单,8,1,17,0,1
其他,10035,50年老枞 古法炭焙上品茶,7,1,6,0,1
其他,10777,SODASODA气泡水机,7,1,6,0,1
其他,10622,养棵茶树，喝杯好茶,8,1,29,3,1
其他,9968,澳乐学习园地,5,1,5,0,1
其他,10372,多参宝掌上监护仪,5,1,4,0,1
其他,11172,AiBabe智能红外体温计,9,1,17,0,1
其他,10580,娃娃亲亲儿童社交智能玩具,7,1,4,0,1
其他,11782,宝宝最爱吃的老味道放心粮,6,1,8,3,1
其他,11623,中国抗战老兵公益拍摄集结号,7,10,4,0,2
其他,11813,生物技术超浓缩洗涤片,7,1,5,0,1
其他,11118,跨界引领“中国馆”梦想之旅,7,1,3,4,1
其他,10379,暖食，养肺Spa汤,7,1,26,0,4
其他,10488,好酒桂魄：唯有匠心不负光阴,6,1,7,12,1
其他,10126,一宅三生：酒舍改造筑梦计划,4,1,4,0,1
其他,11020,让天下女人在世界绽放光芒,6,1,3,6,1
其他,9535,史诗《战马》 席”券“而来,8,1,9,0,3
其他,9613,小苗苗亲子游戏智能故事机,8,1,9,0,1
其他,9853,龙牙永久抑菌除臭银离子内裤,7,1,19,0,1
其他,8380,多乐士竹炭儿童漆,4,1,5,0,1
其他,9541,战马零距离接触京东答谢专场,4,1,9,0,3
其他,9087,“保手派”人体工学健康鼠标,7,1,35,1,1
其他,9668,贝美亲子互动玩具,6,1,41,0,1
其他,8673,现场听龙叔带你探寻古墓惊魂,8,1,2,0,1
其他,9102,RECARO儿童座椅赛车版,6,1,4,0,1
其他,9519,关爱女性健康 预防高发肿瘤,6,1,6,0,1
其他,9455,Youdi全新智能宠物犬,5,1,7,0,3
其他,9042,行走的粮仓,9,1,23,10,4
其他,8759,智能硬件挑战吉尼斯由你见证,3,1,10,9,29
其他,9628,Bebele易洗优质儿童盘,7,1,5,0,1
其他,9532,“孤山回响”摄影纪实项目,8,1,34,0,1
其他,7979,让妈妈放心的好奶粉,6,1,6,0,1
其他,7591,DREAL止鼾戒指,6,1,22,0,1
其他,7849,烟趣电子替烟戒烟器,5,1,4,0,1
其他,7612,可思贝防雾霾婴儿车,6,1,10,0,1
其他,7130,香烟伴侣 智能烟嘴,7,1,26,0,3
其他,7621,奔驰智能教育互动童车,6,1,10,0,1
其他,7566,只属于你的明成化斗彩鸡缸杯,4,1,7,6,5
其他,6786,舒宝莉有机棉卫生巾,6,1,6,0,1
其他,7891,宝贝摧毁计划,6,1,6,3,1
其他,7249,来一场梦幻的车展,7,1,4,0,1
其他,7420,内衣宝——内衣除菌保洁器,8,1,5,0,1
其他,7462,蜂巢公司小清新空气检测仪,7,1,4,0,1
其他,7200,雒世铭诗书画成就展,4,1,4,0,1
其他,7243,互联网创业者大会,6,1,9,0,1
其他,6273,第五源 香氛仪,6,1,5,8,1
其他,7941,来吧！用盐自制消毒液!,8,1,15,21,2
其他,7237,一起上中欧创业营,5,68,3,41,1
其他,5471,氧卫士家用超氧农残净化器,8,1,3,0,1
其他,5367,开心熊宝早教机器人,6,1,5,0,2
其他,5571,奇族儿童社交智能公仔,8,1,9,0,1
其他,5604,SWAN智能温度体重秤,7,1,17,1,1
其他,6047,ellemoi亲子游戏卡牌,9,1,5,0,1
其他,6088,一款解决众愁的纸尿裤,7,1,7,0,3
其他,5378,蛋生世界 3D互动科普卡,7,1,6,0,2
其他,6108,首届•中国魅力女性嘉年华,8,1,4,0,1
其他,5756,万壕计划·轻塑果饮众筹微商,2,1,8,0,1
其他,5433,鲜磨稻花香 尼克有机硒米,9,1,6,0,1
其他,6192,与靓颖共守地球感受单纯美,6,1,11,1,1
其他,5505,可可考拉儿童防霾口罩,7,1,4,0,1
其他,5627,克鲁德——儿童语言升级训练,7,1,0,0,1
其他,5947,触控式无铅抑菌节水龙头,6,1,19,2,1
其他,5632,奥地利有机梦想之旅,6,1,16,3,1
其他,6073,Nice care智能拐杖,7,1,24,3,2
其他,4302,木马设计-宝宝智能恒温浴盆,7,249,18,9,29
其他,4370,西班牙卡莎尔百年橄榄油世家,9,1,5,0,1
其他,4565,韦乐雅斯 婴儿专用测温计,6,1,3,3,1
其他,4417,迷你考拉盒,5,1,4,0,1
其他,4552,莫凡  更安全的卫生护理品,7,1,12,0,1
其他,4418,2块钱和TFBOYS做同学,1,2,6,1,1
其他,4691,果宝特攻智能早教机器人,5,1,14,9,1
其他,4138,BERZ 彩虹兔儿童组餐具,7,1,15,0,1
其他,4341,名家春联，传递手书的美好,9,1,10,0,1
其他,4356,思言书屋名家书法春联,5,1,4,0,1
其他,4733,易简安全卫士S+理发器,9,1,7,0,1
其他,4399,安洁专业安全消毒除菌系列,7,1,25,10,1
其他,4007,欧蒙尼便携式电动吸奶器,7,1,6,0,1
其他,4828,大美 · 吉“羊”纳福,5,1,3,7,1
其他,4101,全球首个众筹互联网专机,7,1,13,6,1
其他,4485,新年第一台胶囊空气治愈器,8,1,23,1,9
其他,3104,语兜儿童语音互动机器人,5,1,4,0,1
其他,3774,怡诺智能健康管理系统终端,5,1,9,0,2
其他,2672,汉神智能互动学字机,7,1,8,0,1
其他,3672,嘻哈熊 儿童智能陪伴玩具,7,1,6,0,1
其他,2678,饴贝婴幼儿智能看护宝,6,1,15,0,1
其他,3702,带你的创意上宇宙中心大屏幕,6,10,10,0,1
其他,3420,一席年会众筹计划,5,10,4,2,1
其他,2739,小S手把手教你变身任性女神,6,1,4,1,2
其他,2848,请支持车手韩岳的环球四百天,6,1,0,0,1
其他,3552,1元试用-秘密盒子,1,1,2,7,4
其他,3547,1元试用-Fineck,1,1,2,7,4
其他,3713,爱贝多卫星定位双向通话魔卡,6,1,5,0,1
其他,3743,1元试用-Niceone,1,1,2,7,4
其他,3427,MOYU智能洁面净水机,6,1,7,0,1
其他,2776,1元试用-SmartCare,1,1,2,7,4
其他,2802,未来你的茶，我们包了,7,1,18,4,1
其他,2168,凑份子筹房子天津专享折扣,3,5000,4,0,22
其他,2212,凑份子筹房子秦皇岛专享折扣,1,5000,8,0,22
其他,2267,凑份子筹房子其他专享折扣,3,5000,6,0,22
其他,2215,凑份子筹房子上海专享折扣,1,5000,8,0,22
其他,2218,凑份子筹房子武汉专享折扣,1,5000,8,0,22
其他,2216,凑份子筹房子大连专享折扣,4,5000,8,0,22
其他,1857,跟张震共进史上最惊吓晚餐,5,9,7,0,1
其他,2210,凑份子筹房子杭州专享折扣,3,5000,4,0,22
其他,1651,淘气熊智能奶瓶,9,1,19,0,1
其他,2266,凑份子筹房子抚顺专享折扣,1,5000,6,0,22
其他,2055,稚慧光儿童护眼投影学习机,7,1,6,2,2
其他,2166,凑份子筹房子北京专享折扣,4,5000,4,0,22
其他,1872,Hebe邀你重走热情之路,5,1,5,0,1
其他,2217,凑份子筹房子中山专享折扣,4,5000,8,0,22
其他,2494,比巴智能早教音响【爸爸版】,7,1,7,0,2
其他,1296,和女神来一场私密约会,4,58,3,0,3
其他,882,神秘水怪召唤事件,5,30,12,0,1
其他,784,开心熊宝智能音箱,5,359,8,0,2
其他,1556,坐豪车和女神一起去车展,6,45,3,0,1
其他,263,温宝宝儿童发烧智能解决方案,5,159,4,0,1
其他,1539," 众筹办一场高大上的论坛",3,200,9,0,1
其他,740,请逗bi的你和我们面对面,7,80,8,0,1
其他,1292,史上最惯着你的营养早餐,5,1,6,0,1
其他,1621,和江南愤青一起开茶馆,5,98,8,0,1
其他,2035,凑份子 得房子11元1.1折,,,31,0,22
其他,710,和3W一起造一座智能城池,5,29,7,0,1
