项目类型,项目编号,项目名称,众筹状态,目标金额,实际筹资额,项目支持人数,项目回报种类,最低投资额,项目图片数量,项目进展数,喜欢数,项目结束时间,是否制作视频,最低投资支持人数,预计回报发送时间,"发起人是淘宝还是天猫店铺(描述,服务,物流评价)"
娱乐,20058963,【Pac-man吃豆人】X 堡狮龙限量定制系列,筹款中,10000.00,1866.00,14,5,99.00,1,0,103,2017/04/10,否,1,30,"淘宝-,,"
娱乐,20058830,平面设计师陈艺仁个人音乐专辑,筹款中,5000.00,525.00,11,3,40.00,15,10,137,2017/04/10,是,9,10,"淘宝-,,"
娱乐,20059047,伊米妮PACMAN吃豆人系列定制牛皮女包,筹款中,20000.00,3571.00,9,6,159.00,21,0,131,2017/04/10,否,3,30,"淘宝-,,"
娱乐,20058988,洛饰奇 《吃豆人》正版授权 汽车头枕腰靠,筹款中,20000.00,772.00,7,5,58.00,8,0,2340,2017/04/10,否,0,15,"淘宝-,,"
娱乐,20059000,【吃豆人xMRACE】正版授权印花背包,筹款中,50000.00,11253.00,102,8,99.00,31,0,1512,2017/04/11,否,50,20,"淘宝-,,"
娱乐,20059187,【吃豆人】正版授权 精美卡通抱枕靠垫,筹款中,35000.00,1351.00,12,6,35.00,17,0,35,2017/04/10,否,2,15,"淘宝-,,"
娱乐,20059093,吃豆人 X KISSCAT 正版授权女鞋,筹款中,10000.00,2889.00,56,4,9.90,19,0,110,2017/04/25,否,50,5,"淘宝-,,"
娱乐,20059189,GAFU×PACMAN吃豆人系列窗帘,筹款中,5000.00,6972.00,28,7,249.00,13,0,35,2017/04/11,否,4,30,"淘宝-,,"
娱乐,20058646,一条狗的使命同款狗玩具,筹款中,50000.00,2022.80,32,4,27.80,1,0,168,2017/04/03,是,6,30,"淘宝-,,"
娱乐,20058878,Pac-Man声波牙刷  洁齿动力实力派,筹款中,100000.00,80648.00,362,5,29.00,19,0,4235,2017/04/02,否,74,30,"淘宝-,,"
娱乐,20059180,【吃豆人】正版授权 加厚防滑地垫,筹款中,17960.00,837.80,22,20,29.90,23,0,52,2017/04/11,否,0,15,"淘宝-,,"
娱乐,20058056,采绎来×《孤芳不自赏》官方正版抱枕,筹款中,20000.00,19729.00,293,4,59.00,14,0,160,2017/03/18,否,256,15,"淘宝-,,"
娱乐,20057735,【孤芳不自赏】官方授权 琉璃银杯系列,筹款中,10000.00,49420.00,112,3,268.00,9,0,451,2017/03/13,否,26,40,"淘宝-,,"
娱乐,20058187,星际迷航3 X HIPANDA 联名系列,筹款中,20000.00,22452.00,58,20,230.00,6,0,181,2017/03/28,否,9,10,"淘宝-,,"
娱乐,20057498,孤芳不自赏 官方正版授权马克杯水杯咖啡杯,制作中,10000.00,10229.00,274,9,25.00,1,2,1809,2017/03/10,否,25,30,"淘宝-,,"
娱乐,20058512,造物手作 原创小叶紫檀镶嵌纯银,筹款中,50000.00,143256.00,850,7,88.00,22,0,1766,2017/04/08,否,216,15,"淘宝-,,"
娱乐,20057356,【孤芳不自赏】 正品官方授权阿胶糕,制作中,50000.00,51032.00,228,5,79.00,21,0,181,2017/03/08,否,98,15,"淘宝-,,"
娱乐,20057577,【孤芳不自赏】官方授权 正版周边古风系列,筹款中,10000.00,16353.00,619,16,18.00,1,0,452,2017/03/12,否,99,60,"淘宝-,,"
娱乐,20058934,《吃豆人》正版授权，时尚趣味口罩,筹款中,10000.00,11510.00,434,6,19.00,23,0,418,2017/04/09,否,136,15,"-,,"
娱乐,20057419,网大【纽扣】官方授权定制桑蚕丝小方巾,筹款中,20000.00,1280.00,5,6,128.00,1,0,36,2017/04/09,是,2,45,"淘宝-,,"
娱乐,20057086,三体舞台剧正版周边：雨伞 红岸笔记本 书签 纸胶带,制作中,10000.00,150177.00,1722,6,33.00,9,10,1482,2017/03/02,是,469,42,"淘宝-,,"
娱乐,20056587,【大闹天竺】官方授权，精美个性定制款,制作中,10000.00,40555.00,621,7,39.00,16,0,637,2017/03/02,否,432,30,"淘宝-,,"
娱乐,20057501,白玉世家《孤芳不自赏》官方授权和田玉首饰,筹款中,10000.00,387319.40,880,5,35.80,12,0,4532,2017/03/17,否,373,30,"淘宝-,,"
娱乐,20057405,大圣归来Q版形象授权众筹,项目成功,100000.00,190000.00,2,3,40000.00,19,0,211,2017/02/08,否,1,7,"淘宝-,,"
娱乐,20059075,电影西游伏妖篇根本停不下来之解压泡手机壳,筹款中,100000.00,1092.00,48,6,59.00,1,0,51,2017/04/09,是,18,30,"-,,"
娱乐,20057344,西游伏妖电影周边之美美补光神器插片手机壳,筹款中,200000.00,582.00,38,6,69.00,0,0,218,2017/03/31,是,8,30,"-,,"
娱乐,20057278,lovo罗莱出品  杨洋同款多功能抱枕毯,制作中,20000.00,148595.00,555,6,199.00,11,2,434,2017/02/23,否,100,30,"-,,"
娱乐,20055805,【可以把玩的生肖】中国民俗文化符号（不上釉的脂润）,项目成功,10000.00,27196.00,116,13,128.00,31,5,729,2017/01/18,否,24,30,"淘宝-,,"
娱乐,20056847,MGS×【孤芳不自赏】正版授权耳饰系列,制作中,50000.00,54473.00,246,6,99.00,11,0,425,2017/02/09,否,28,30,"-,,"
娱乐,20056631,漫能×《孤芳不自赏》官方正版晴雨伞——再叙乱世情深,制作中,10000.00,36043.00,357,15,79.00,9,0,870,2017/02/10,否,106,30,"淘宝-,,"
娱乐,20056388,【孤芳不自赏】官方授权 定制3C系列,制作中,10000.00,16453.40,225,17,29.90,3,0,144,2017/02/07,否,35,30,"淘宝-,,"
娱乐,20056394,孤芳不自赏 X 鲶鱼 官方正版授权周边发布,项目成功,30000.00,31648.30,265,9,18.80,4,0,190,2017/02/07,否,32,30,"淘宝-,,"
娱乐,20056395,鲶鱼 X 孤芳不自赏 官方定制家居系列,制作中,20000.00,28236.20,280,10,29.90,3,0,190,2017/02/07,否,148,30,"淘宝-,,"
娱乐,20052439,星际迷航 浴室蓝牙防水音箱—星韵  免提通话 小巧,项目成功,20000.00,21730.00,190,0,0.00,11,0,853,2016/12/30,否,NOTFOUND,NOTFOUND,"淘宝-,,"
娱乐,20054310,【幸运石 X 你的名字。】以爱之名，铭刻你我,项目成功,20000.00,46240.00,234,7,78.00,6,0,1788,2016/12/17,是,18,30,"淘宝-,,"
娱乐,20055698,苏瑞包-宝宝的第一款背包,制作中,100000.00,108108.00,252,6,249.00,12,0,2812,2017/01/30,否,121,30,"淘宝-,,"
娱乐,20054221,慵懒萌宠 《驴得水》官方限量定制版公仔,制作中,5000.00,5490.00,71,5,49.00,21,0,412,2017/01/24,是,61,30,"淘宝-,,"
娱乐,20050176,星际迷航移动电源暖手宝-酷影 环孔充电宝 防爆控温,项目成功,5000.00,19383.00,218,0,0.00,8,0,719,2016/11/20,否,NOTFOUND,NOTFOUND,"淘宝-,,"
娱乐,20049540,黑爵星际迷航定制版游戏竞技鼠标有线,项目成功,50000.00,53936.00,920,5,19.90,14,4,1040,2016/11/20,否,138,30,"淘宝-,,"
娱乐,20048966,【圆梦巨人】给爱做梦的你   一个圆梦的机会,项目成功,10000.00,11579.00,381,5,19.90,13,0,1021,2016/11/24,否,298,30,"淘宝-,,"
娱乐,20052289,芙达儿X圆梦巨人内衣独家合作梦幻棉内裤,项目成功,20000.00,23402.00,160,6,59.00,22,0,606,2016/12/22,否,29,15,"淘宝-,,"
娱乐,20049155,零听 X《圆梦巨人》 官方正版圆梦3D深度睡眠眼罩,项目成功,5000.00,17334.70,425,5,29.90,9,0,708,2016/11/15,否,273,7,"淘宝-,,"
娱乐,20049239,Artka阿卡X圆梦巨人女装独家合作魔法毛呢外套,项目成功,20000.00,85442.00,214,6,388.00,27,2,1296,2016/11/10,否,65,15,"淘宝-,,"
娱乐,20057101,幽韵古琴【孤芳不自赏】官方授权定制古琴,制作中,50000.00,114640.00,57,3,388.00,13,0,782,2017/02/16,是,10,30,"-,,"
娱乐,20049099,【圆梦巨人】【天堂伞】你的梦想 由我们来守护,项目成功,10000.00,164023.00,408,8,99.00,8,0,1517,2016/11/29,是,106,60,"淘宝-,,"
娱乐,20048160,海洋之歌-授权MeSkins三星S7苹果全系手机壳,项目成功,10000.00,10469.00,221,11,19.00,14,5,700,2016/11/26,否,70,7,"淘宝-,,"
娱乐,20054246,《呆呆计划》官方授权电影同款龙凤镜项链,制作中,9999.00,29100.00,118,4,166.00,11,3,998,2017/01/09,是,33,30,"淘宝-,,"
娱乐,20053338,《神奇动物在哪里》J.K.罗琳的魔法世界 正品周边,制作中,10000.00,21328.00,659,5,24.00,5,1,1004,2016/12/25,否,181,30,"-,,"
娱乐,20054525,正版 电影铁道飞虎毛绒公仔抱枕手偶公仔手套发夹U枕,项目成功,5000.00,52663.00,1061,7,18.00,25,0,582,2016/12/23,否,197,3,"淘宝-,,"
娱乐,20047088,星际迷航企业号移动电源 珍藏摆件 充电宝,制作中,5000.00,51740.00,100,0,0.00,6,0,696,2016/10/22,否,NOTFOUND,NOTFOUND,"淘宝-,,"
娱乐,20047654,NBA正版指环扣多功能手机支架 湖人勇士公牛骑士队,项目成功,5000.00,27444.60,628,5,19.90,12,0,2942,2016/10/28,否,500,15,"淘宝-,,"
娱乐,20046415,星际迷航 定制苹果手机壳 元首号 企业号,项目成功,2000.00,4022.00,109,0,0.00,7,0,216,2016/09/22,否,NOTFOUND,NOTFOUND,"淘宝-,,"
娱乐,20045229,Cissy shi星际迷航限量款3-WAY时尚饰品,项目成功,2000.00,3009.00,7,0,0.00,8,0,118,2016/09/12,否,NOTFOUND,NOTFOUND,"淘宝-,,"
娱乐,20045410,阿里影业X星际迷航 定制苹果快充数据线 MFI认证,项目成功,15000.00,17667.00,156,0,0.00,7,0,421,2016/10/17,否,NOTFOUND,NOTFOUND,"淘宝-,,"
娱乐,20049260,抠电影《圆梦巨人》-官方正版保温杯众筹,项目成功,1000.00,8285.00,72,3,99.00,11,0,268,2016/11/13,否,59,5,"-,,"
娱乐,20046459,《星际迷航3》官方正版衍生品——旅行组合套装,项目成功,1000.00,3289.00,51,3,49.00,11,0,266,2016/10/09,否,24,5,"-,,"
娱乐,20045345,星际迷航系列衍生周边 手机支架 T恤 杯子 雨伞,项目成功,2000.00,27127.00,645,0,0.00,7,0,378,2016/09/13,否,NOTFOUND,NOTFOUND,"淘宝-,,"
娱乐,20045207,星际迷航3 X HIPANDA 联名系列,项目成功,2000.00,21066.00,52,8,178.00,4,1,319,2016/09/24,是,22,15,"淘宝-,,"
娱乐,20045056,【幸运石 X 星际迷航3】正版周边众筹,项目成功,10000.00,60878.50,419,10,69.00,12,0,615,2016/09/18,是,21,30,"淘宝-,,"
娱乐,20049115,《圆梦巨人》正版授权梦系列设计师首饰限量众筹,项目成功,10000.00,11495.00,55,7,200.00,12,0,440,2016/11/18,否,49,30,"-,,"
娱乐,20044558,ROCK BEAR星际迷航3 推出官方授权数码配件,制作中,1000.00,11893.00,177,4,19.00,8,0,242,2016/09/23,否,76,15,"淘宝-,,"
娱乐,20044601,《星际迷航3:超越星辰》经典文具系列周边众筹,项目成功,10000.00,30708.00,282,5,9.90,11,0,308,2016/09/23,否,99,15,"淘宝-,,"
娱乐,20047568,《麦兜.饭宝奇兵》官方公仔爱的众筹 你的童年,项目成功,1000.00,6075.00,125,6,39.00,17,0,262,2016/10/12,否,50,30,"淘宝-,,"
娱乐,20045139,卡西欧G-SHOCK星际迷航定制限量礼盒版,项目成功,10000.00,18400.00,10,8,1490.00,13,0,432,2016/09/04,否,3,7,"淘宝-,,"
娱乐,20046324,《星际迷航:超越星辰》官方授权高定纯手工电吉他,项目成功,5800.00,5800.00,1,2,4800.00,4,0,135,2016/10/08,否,0,30,"淘宝-,,"
娱乐,20044664,星际迷航定制版机械键盘游戏耳机,项目成功,50000.00,1802244.00,25436,4,19.90,18,10,4161,2016/09/23,否,399,30,"淘宝-,,"
娱乐,20045151,《星际迷航3:超越星辰》定制版VR眼镜 限量发售,项目成功,20000.00,484718.00,9826,6,39.00,14,9,3734,2016/09/23,否,50,10,"淘宝-,,"
娱乐,20045094,《星际迷航3》Q版手办+企业号仿真模型 北裔堂出品,制作中,10000.00,20401.00,150,7,59.00,2,0,169,2016/09/23,否,20,50,"淘宝-,,"
娱乐,20047614,拒绝一切化工产品-天然贝壳围棋子,项目成功,50000.00,74030.00,254,9,19.90,27,0,4097,2016/10/31,否,60,1,"-,,"
娱乐,20052389,你手边的帝王教科书，百家讲坛姜鹏解读《资治通鉴》,项目成功,10000.00,17655.00,232,4,64.00,10,0,330,2016/11/30,否,153,10,"-4.9,,"
娱乐,20044604,《星际迷航3:超越星辰》趣味文具系列首发,项目成功,10000.00,13061.00,179,5,39.00,11,0,128,2016/09/20,否,77,15,"淘宝-,,"
娱乐,20044450,星际迷航·超越星辰 X KUKROC T恤限量发售,项目成功,3000.00,4945.00,27,5,99.00,27,0,74,2016/09/05,否,3,30,"淘宝-,,"
娱乐,10087132,哆啦A梦 2.4G遥控飞行公仔 正版授权 阿里影业,项目成功,10000.00,32642.00,411,0,0.00,10,0,882,2016/08/05,是,NOTFOUND,NOTFOUND,"淘宝-,,"
娱乐,10084873,魔盗重启，识破天惊，超强防晒黑胶伞,项目成功,5000.00,9487.00,113,3,79.00,7,0,637,2016/07/23,否,62,15,"淘宝-,,"
娱乐,20045217,【星际迷航定制版】坚果P2便携投影 随身大屏影院,项目成功,50000.00,50191.00,9,4,2699.00,17,0,412,2016/09/10,是,0,30,"淘宝-,,"
娱乐,10084991,来自惊天魔盗团2的定制双肩背包优哈全球首发,项目成功,2000.00,17745.00,195,3,89.00,15,0,512,2016/07/23,否,191,20,"淘宝-,,"
娱乐,10084575,AMH&《惊天魔盗团2》周边限量T恤众筹,项目成功,5000.00,16077.00,233,4,39.00,3,0,409,2016/07/03,否,5,7,"淘宝-,,"
娱乐,10082054,3D VR眼镜 植物大战僵尸正版周边  阿里影业,项目成功,20000.00,122044.00,1584,0,0.00,12,0,3482,2016/07/04,否,NOTFOUND,NOTFOUND,"淘宝-,,"
娱乐,10082066,迪士尼新品 萌宝风扇加湿器 正版周边 阿里影业,项目成功,10000.00,11652.00,73,0,0.00,5,0,418,2016/07/04,否,NOTFOUND,NOTFOUND,"淘宝-,,"
娱乐,10091597,<触碰>有触碰 才青春  定制属于我们爱的信物,项目成功,1000.00,11911.00,229,7,19.00,3,5,1243,2016/09/09,否,89,30,"淘宝-,,"
娱乐,10082083,【QCY限定】正版授权【忍者神龟运动音乐蓝牙耳机】,项目成功,50000.00,58875.00,298,5,109.00,11,0,1024,2016/07/05,否,98,30,"淘宝-,,"
娱乐,10090148,《麦兜.饭宝奇兵》的“本本计划”,项目成功,5000.00,5802.00,109,3,48.00,8,0,355,2016/08/22,否,99,30,"淘宝-,,"
娱乐,20044530,内衣潮牌ITS NOTHING&星际迷航50年限定,制作中,5000.00,9014.00,131,5,8.00,16,0,140,2016/09/04,否,10,15,"淘宝-,,"
娱乐,10082098,【忍者神龟】官方授权苹果U盘 专为IOS苹果而生,项目成功,10000.00,106486.00,729,6,89.00,23,0,1722,2016/06/26,是,182,30,"淘宝-,,"
娱乐,10081676,2016花妖游戏动漫音乐嘉年华,项目成功,6111.00,6183.00,17,0,0.00,5,0,229,2016/06/09,是,NOTFOUND,NOTFOUND,"淘宝-,,"
娱乐,20044648,卡西欧EX-FR100数码相机星际迷航纪念礼盒,项目成功,10000.00,10140.00,20,7,29.00,11,0,91,2016/09/04,是,10,10,"-,,"
娱乐,10078532,独立日2无线遥控战舰飞行器  官方授权 阿里影业,项目成功,10000.00,192642.00,983,0,0.00,10,0,2405,2016/06/15,是,NOTFOUND,NOTFOUND,"淘宝-,,"
娱乐,10078923,极限公益成长计划,制作中,5000.00,21078.00,635,6,10.00,5,0,481,2016/05/28,是,490,60,"淘宝-,,"
娱乐,10078215,美国队长3蓝牙音箱 漫威正版周边 阿里影业,项目成功,5000.00,10340.00,20,0,0.00,6,0,470,2016/06/12,否,NOTFOUND,NOTFOUND,"淘宝-,,"
娱乐,10077272,阿里影业蝙蝠侠大战超人 无线体感遥控蝙蝠战车特制版,制作中,5000.00,251592.00,2558,0,0.00,12,0,4204,2016/06/09,是,NOTFOUND,NOTFOUND,"淘宝-,,"
娱乐,10076588,阿里影业 美国队长3正版周边 磁铁冰箱贴 两用抱枕,项目成功,5000.00,9959.00,86,0,0.00,4,0,297,2016/05/17,否,NOTFOUND,NOTFOUND,"淘宝-,,"
娱乐,10076592,美国队长3正版周边 金属钥匙圈 3D胸章 阿里影业,项目成功,5000.00,11528.00,220,0,0.00,4,0,483,2016/05/17,否,NOTFOUND,NOTFOUND,"淘宝-,,"
娱乐,10076638,美国队长3正版周边 红蓝对战自动折伞 阿里影业诚献,项目成功,5000.00,11920.00,92,0,0.00,3,0,594,2016/05/17,否,NOTFOUND,NOTFOUND,"淘宝-,,"
娱乐,10092377,燃聚万千魂力·共享盛世爵迹  电影爵迹衍生品,项目成功,30000.00,52772.00,532,8,63.00,9,0,2600,2016/09/11,否,148,15,"淘宝-,,"
娱乐,10076511,男神驾临！《世界青年说》官方邮品众筹开始！,项目成功,5000.00,15328.00,437,6,8.00,1,0,362,2016/05/31,否,59,10,"淘宝-,,"
娱乐,10082088,正版授权【忍者神龟变色伞】双层防晒【天堂伞】晴雨伞,项目成功,5000.00,26345.00,255,4,99.00,13,0,656,2016/06/26,是,219,60,"淘宝-,,"
娱乐,10082141,正版授权【忍者神龟】gotrip个性铝框拉杆箱,项目成功,30000.00,34950.00,70,1,168.00,18,0,595,2016/07/05,否,7,30,"淘宝-,,"
娱乐,10070592,疯狂动物城 阿里影业携手迪士尼 正版授权周边,项目成功,2000.00,54886.50,1736,0,0.00,12,0,1209,2016/04/19,否,NOTFOUND,NOTFOUND,"淘宝-,,"
娱乐,10070986,蝙蝠侠与超人开撕，两峰对决，正版周边抢先发售,项目成功,5000.00,16071.00,358,8,29.00,5,1,1560,2016/05/06,否,196,30,"淘宝-,,"
娱乐,20044589,星际迷航3官方授权正品礼品 正版阳澄湖大闸蟹礼盒,项目成功,80000.00,113578.00,306,5,218.00,8,0,125,2016/09/24,是,137,10,"-,,"
娱乐,10069429,遇见男神X珂兰专场众筹,项目成功,5000.00,12596.80,180,3,5.20,4,1,834,2016/04/11,否,161,5,"淘宝-,,"
娱乐,10066662,莱昂纳多中国行,项目成功,30180.00,32567.20,1568,0,0.00,12,2,2502,2016/03/22,否,NOTFOUND,NOTFOUND,"淘宝-,,"
娱乐,10062155,电影《三生三世十里桃花》九天神仙品鸡腿贺新年,项目成功,13334.00,123631.20,17255,3,3.30,3,2,9533,2016/02/22,是,3334,30,"淘宝-,,"
娱乐,10063773,《圣斗士星矢》正版周边众筹热血开启,制作中,20000.00,43158.00,147,11,239.00,14,0,1753,2016/03/26,是,72,60,"淘宝-,,"
娱乐,10072543,《奔跑吧兄弟》官方主题体验游,项目成功,100000.00,100328.00,148,5,99.00,8,0,1461,2016/05/13,是,82,15,"淘宝-5.0,5.0,4.6"
娱乐,10080387,《我们相爱吧》大爱无疆，兼济天下爱心包裹项目,制作中,10000.00,10969.00,179,9,28.00,10,0,655,2016/06/22,是,116,10,"-4.9,4.9,4.9"
娱乐,10084640,【幸运石 X 惊天魔盗团2】正版周边众筹,项目成功,10000.00,117822.61,966,11,88.00,11,1,1969,2016/07/23,是,122,40,"-4.7,4.7,4.7"
娱乐,10061638,臧洪娜——国民好闺蜜联名限量“娜那有礼”新年礼盒,项目成功,5000.00,5064.00,524,5,2.00,3,0,832,2016/02/22,否,508,7,"淘宝-,,"
娱乐,10066915,“重现张国荣”为你钟情十三周年纪念活动,项目成功,150000.00,159552.00,3439,12,5.00,10,2,6082,2016/04/05,否,2180,6,"淘宝-,,"
娱乐,10070198,《火锅英雄》赴汤盗火！邀您尽情“开涮”！,项目成功,5000.00,13840.00,1313,4,2.00,2,0,2345,2016/04/30,否,1083,10,"天猫-4.7,4.7,4.8"
娱乐,10062285,卧虎藏龙X ARTPLUS 真龙之爱18K金玫瑰花,项目成功,1000.00,34528.00,86,5,69.00,5,0,898,2016/02/09,是,54,1,"淘宝-,,"
娱乐,10060650,天堂伞-年兽大作战系列儿童伞，风雨再大，为你护航！,项目成功,5000.00,7320.00,140,8,49.00,12,0,353,2016/03/06,否,32,60,"淘宝-4.8,4.8,4.8"
娱乐,10062327,卧虎藏龙：青冥宝剑X ARTPLUS “猴王无忌”,项目成功,1000.00,3594.00,6,2,599.00,9,0,3561,2016/03/15,是,4,10,"淘宝-,,"
娱乐,10056975,小门神——新春小温暖 等你带回家,项目成功,10000.00,13238.00,151,6,48.00,4,0,658,2016/01/26,否,23,40,"淘宝-4.9,4.9,4.9"
娱乐,10060860,【佐丹奴】x【年兽大作战】限量系列卫衣男女裤子帽子,项目成功,10000.00,11697.00,83,14,79.00,10,0,824,2016/03/01,否,12,15,"天猫-4.8,4.8,4.7"
娱乐,10058064,自由奔跑 自由呼吸——奔跑吧兄弟防雾霾口罩,项目成功,50000.00,71550.00,424,9,95.00,5,0,5887,2016/01/26,是,189,30,"淘宝-5.0,5.0,4.6"
娱乐,10056630,周大福x《小门神》跨界合作臻品-我的守护神黄金饰品,项目成功,10000.00,103780.00,111,6,688.00,5,0,2966,2016/01/28,否,2,40,"天猫-4.8,4.8,4.8"
娱乐,10057355,小门神独家授权 定制鸿运年货礼盒,项目成功,25000.00,41188.00,739,4,10.00,3,0,1405,2016/01/11,否,474,10,"天猫-4.8,4.8,4.8"
娱乐,10056981,米妮哈鲁×【小门神】童装独家授权 定制动画时尚,项目成功,7900.00,10956.00,144,3,29.00,8,0,330,2016/01/25,否,10,7,"天猫-4.9,4.9,4.8"
娱乐,10056878,正版授权《小门神》精品手办模型,项目成功,30000.00,56436.00,432,1,28.00,29,0,709,2016/02/24,是,213,98,"淘宝-4.7,4.7,4.8"
娱乐,10056896,幸运石动漫 x《小门神》正版周边人间开筹,项目成功,10000.00,14488.00,90,6,49.00,9,0,255,2016/01/24,是,14,30,"天猫-4.8,4.8,4.8"
娱乐,10056655,众筹已结束，点击右侧旺旺图标联系客服购买！,项目成功,5000.00,71214.00,1102,9,49.00,24,6,1474,2016/01/15,否,28,10,"淘宝-,,"
娱乐,10056646,《小门神》贺岁定制新年礼 珍视明蒸汽眼罩,项目成功,5000.00,14240.00,120,4,139.00,15,0,422,2016/01/21,否,50,30,"淘宝-4.8,4.8,4.8"
娱乐,10079618,麦兜电影定制版布丁智能机器人 你最贴心的陪伴,项目成功,100000.00,376623.00,1555,3,2.00,29,3,18342,2016/06/28,是,1187,30,"天猫-4.9,4.9,4.8"
娱乐,10057449,PH7 X 小门神——点燃中国传统习俗,项目成功,10000.00,21866.00,144,8,139.00,2,0,446,2016/01/25,否,45,65,"天猫-4.8,4.8,4.8"
娱乐,10055737,《饥饿游戏》纪念饰品，有一种信仰是用生命捍卫自由！,项目成功,5000.00,42586.00,254,0,0.00,13,10,2073,2016/01/11,是,NOTFOUND,NOTFOUND,"淘宝-,,"
娱乐,10056909,《恶棍天使》正版授权-可以做行车记录仪的运动相机,项目成功,100000.00,858906.00,2180,16,29.00,13,3,4734,2016/02/06,否,50,45,"淘宝-4.5,4.5,4.6"
娱乐,10055753,《遇见男神》24位明星独家限量潮品，瞬间高潮不是梦,制作中,10000.00,10191.00,157,9,10.00,7,0,652,2016/01/26,是,138,15,"淘宝-,,"
娱乐,10056904,【星钻积木】限量版“神荼” 小门神主题积木,项目成功,2000.00,2691.00,90,1,29.90,4,0,143,2016/01/07,否,91,3,"天猫-4.9,4.9,4.8"
娱乐,10055850,来自饥饿游戏3-嘲笑鸟的定制双肩女包优哈全球首发,项目成功,2000.00,6497.00,83,3,69.00,1,0,220,2016/01/01,否,15,3,"淘宝-4.8,4.8,4.8"
娱乐,10060330,第七公社X[年兽大作战]正版授权周边服饰,项目成功,1000.00,1024.00,11,8,69.00,15,0,239,2016/02/20,否,6,7,"-4.8,4.8,4.8"
娱乐,10057375,【小门神定制新春杯壶】英国健康玻璃杯+儿童保温壶,项目成功,11300.00,17081.00,371,4,23.00,23,0,390,2016/01/24,否,97,2,"淘宝-4.7,4.7,4.8"
娱乐,10050559,《闪亮的爸爸》首播点映礼11月26日“闪亮”北京,项目成功,11028.00,32507.00,527,0,0.00,6,0,1475,2015/11/20,否,NOTFOUND,NOTFOUND,"淘宝-,,"
娱乐,10049740,《小飞侠：幻梦启航》邀你一起畅游梦幻岛,项目成功,10000.00,30443.00,497,4,19.00,4,0,1887,2015/12/01,否,193,30,"淘宝-5.0,5.0,5.0"
娱乐,10048950,《夏洛特烦恼》定制周边特别来袭，为你充满魅力电能！,项目成功,10000.00,12199.00,212,4,29.00,4,0,1221,2015/11/25,否,85,30,"淘宝-,,"
娱乐,10047679,《长江七号超萌特攻队》全民“萌起来”,项目成功,10000.00,22727.00,687,5,2.00,5,0,590,2015/11/21,否,308,30,"淘宝-5.0,5.0,5.0"
娱乐,10047501,《007：幽灵党》造梦在行动，独家授权周边抢先发售,项目成功,10000.00,49722.00,356,0,0.00,7,0,844,2015/11/15,是,NOTFOUND,NOTFOUND,"淘宝-,,"
娱乐,10047400,贵妃献礼,项目成功,10000.00,33198.00,1639,0,0.00,6,0,3316,2015/12/15,否,NOTFOUND,NOTFOUND,"淘宝-,,"
娱乐,10046997,《槑计划》按计划带来最具设计感潮品，相约潮范的你！,项目成功,10000.00,12305.00,438,8,2.00,6,0,641,2015/11/13,否,259,30,"淘宝-5.0,5.0,5.0"
娱乐,10057177,《小门神》官方授权周边衍生品 博友不锈钢钥匙链挂件,项目成功,10000.00,13454.00,208,5,49.00,6,0,263,2016/01/24,否,65,60,"-4.8,4.8,4.8"
娱乐,10054671,《极盗者》版创新万能车载电源,项目成功,10000.00,34541.00,279,9,89.00,16,0,1309,2016/01/08,是,159,30,"-4.9,4.9,4.8"
娱乐,10046799,《我是证人》招募万人超前点映团,项目成功,300000.00,312380.00,3742,0,0.00,12,3,4291,2015/10/15,是,NOTFOUND,NOTFOUND,"淘宝-,,"
娱乐,10055764,乐帆魔镜 虚拟现实VR眼镜 移动式头盔眼镜,项目成功,8000.00,171024.00,1506,3,89.00,24,0,2843,2016/01/11,否,273,7,"-4.6,4.6,4.7"
娱乐,10053959,极盗者多功能户外运动摄影墨镜,项目成功,99000.00,144904.00,548,10,28.00,22,0,4485,2016/01/03,否,116,20,"-4.8,4.8,4.8"
娱乐,10045887,电影《第三种爱情》：与爱情有关，与现实有染,项目成功,10000.00,13780.00,370,0,0.00,17,1,1162,2015/11/14,否,NOTFOUND,NOTFOUND,"淘宝-,,"
娱乐,10046731,李晨nic独家限量款——FSJUICE排毒果蔬汁,项目成功,10000.00,21560.00,170,6,29.00,1,0,626,2015/11/11,否,15,30,"淘宝-4.8,4.8,4.8"
娱乐,10061569,《年兽大作战》  开学季－GPS定位防丢失儿童书包,项目成功,5000.00,14414.00,66,4,199.00,15,0,950,2016/03/02,否,23,20,"-4.7,4.7,4.7"
娱乐,10047140,《挑战者联盟》10.17偶像相约北京—“盟”在这里,项目成功,100000.00,105470.00,278,4,2.00,1,0,325,2015/10/16,是,144,7,"淘宝-5.0,5.0,5.0"
娱乐,20042669,《长江7号超萌特攻队》7仔携家族成员邀您“萌7来”,项目成功,20000.00,21084.10,127,0,0.00,6,0,296,2015/09/26,否,NOTFOUND,NOTFOUND,"淘宝-,,"
娱乐,10042114,心动益起来--唐嫣牵手娱乐宝邀您共筑先心儿康复梦想,制作中,500000.00,502129.00,6843,0,0.00,10,0,3447,2015/10/18,是,NOTFOUND,NOTFOUND,"淘宝-,,"
娱乐,10040999,《碟中谍5》美国设计，国内首发销售衍生品,项目成功,100000.00,113428.00,1487,16,2.00,3,6,755,2015/10/31,是,945,30,"淘宝-5.0,5.0,5.0"
娱乐,29900,《我和初恋的三次婚礼》片尾誓言彩蛋征集,制作中,2000.00,10331.30,269,0,0.00,1,0,385,2015/08/30,否,NOTFOUND,NOTFOUND,"淘宝-,,"
娱乐,36217,2015土豆映像季,项目成功,20000.00,27191.80,352,10,19.90,14,2,480,2015/08/14,否,12,21,"淘宝-4.7,4.7,4.7"
娱乐,10043675,《港囧》电影周边众筹,制作中,10000.00,29237.00,802,12,59.00,15,0,823,2015/10/18,否,307,7,"淘宝-5.0,5.0,5.0"
娱乐,34207,《王朝的女人·杨贵妃》这份宠爱只想给最爱的人,项目成功,10000.00,11083.00,970,0,0.00,8,0,944,2015/08/23,是,NOTFOUND,NOTFOUND,"淘宝-,,"
娱乐,33470,"《加油吧实习生》青春ING,火爆不NG",制作中,10000.00,22205.00,1663,0,0.00,8,1,1888,2015/09/04,否,NOTFOUND,NOTFOUND,"淘宝-,,"
娱乐,32017,【落跑吧爱情演唱会】5米距离 聆听任贤齐爱的演唱会,制作中,10000.00,241658.00,1572,0,0.00,9,2,1538,2015/08/01,否,NOTFOUND,NOTFOUND,"淘宝-,,"
娱乐,10044918,上游轮与刘力扬共赴日韩之旅！更多生日限量周边等你！,项目成功,10000.00,50558.00,225,7,8.00,9,0,358,2015/10/11,是,160,15,"淘宝-5.0,5.0,5.0"
娱乐,10056987,【吉祥家】正版授权小门神主题家居软装,项目成功,1000.00,1700.80,74,7,9.50,7,0,307,2016/01/25,否,62,7,"-,,"
娱乐,30133,《虎妈猫爸》爱心募集“母亲邮包”,项目成功,10000.00,12175.00,1253,6,99.00,2,0,963,2015/07/31,否,18,7,"淘宝-4.9,4.9,4.9"
娱乐,10044523,《港囧》TST庭秘密囧膜 让您囧的萌萌哒,项目成功,10000.00,51267.00,970,7,19.00,6,0,1719,2015/11/20,否,500,20,"淘宝-4.8,4.8,4.8"
娱乐,30360,《栀子花开》青春尚好 我们同行,项目成功,10000.00,33499.00,2042,0,0.00,1,2,2955,2015/07/05,是,NOTFOUND,NOTFOUND,"淘宝-,,"
娱乐,29165,活动主题：这个暑假  燃爆热血青春——偏偏喜欢你,项目成功,10000.00,38644.00,694,0,0.00,7,0,632,2015/07/20,是,NOTFOUND,NOTFOUND,"淘宝-,,"
娱乐,27412,与地外文明的第一次接触,制作中,100000.00,366328.00,6566,0,0.00,5,0,2811,2015/07/25,是,NOTFOUND,NOTFOUND,"淘宝-,,"
娱乐,26727,《赤道》——寻找男人的味道！,项目成功,15000.00,15683.00,332,0,0.00,4,0,384,2015/07/03,否,NOTFOUND,NOTFOUND,"淘宝-,,"
娱乐,25339,哆啦A梦，好久不见！5.28不见不散！,制作中,30000.00,57685.00,960,0,0.00,2,0,561,2015/06/24,是,NOTFOUND,NOTFOUND,"淘宝-,,"
娱乐,25134,《抓住彩虹的男人》请大声说出我爱你！,项目成功,10000.00,19462.00,765,0,0.00,8,0,247,2015/06/22,是,NOTFOUND,NOTFOUND,"淘宝-,,"
娱乐,10044640,《港囧》官方授权，时尚防霾款口罩三个装,项目成功,5000.00,12877.00,376,4,19.00,15,0,245,2015/10/25,否,99,15,"-,,"
娱乐,23361,《奔跑吧兄弟》大黑牛暖心定制——属于你的黑牛帽,项目成功,10000.00,93121.00,4157,9,25.00,2,0,887,2015/06/09,否,167,1,"淘宝-5.0,5.0,4.6"
娱乐,23282,不一样的张馨予的造梦行动,项目成功,20000.00,88625.60,839,9,19.90,6,0,188,2015/06/09,是,46,60,"淘宝-,,"
娱乐,31537,《风暴英雄》我要与众不同,项目成功,5000.00,113624.00,624,4,39.00,5,0,895,2015/08/11,是,150,15,"-,,"
娱乐,24271,“童年的节奏”阿里巴巴娱乐宝+G.E.M.邓紫棋,制作中,500000.00,592583.00,33397,6,35.00,1,0,1802,2015/06/24,是,900,60,"淘宝-,,"
娱乐,20872,帅青春——闯入王小帅的电影空间,项目成功,4300.00,5967.00,849,0,0.00,12,1,178,2015/05/05,是,NOTFOUND,NOTFOUND,"淘宝-,,"
娱乐,10055768,NPC x《恶棍天使》联名系列产品巨献,项目成功,5000.00,34513.00,197,1,99.00,9,0,1847,2015/12/23,否,14,5,"-,,"
娱乐,29470,你就是我的命中注定,项目成功,10000.00,21137.37,627,6,1.99,23,0,342,2015/08/05,是,463,20,"淘宝-,,"
娱乐,12272,万应许愿，新春吉祥,项目成功,10000.00,126158.00,1583,0,0.00,19,0,1001,2015/03/12,是,NOTFOUND,NOTFOUND,"淘宝-,,"
娱乐,20085,《左耳》再·见青春，我们相守共赴青春之约！,项目成功,50000.00,87834.00,2413,8,8.00,26,0,920,2015/05/21,是,1397,15,"淘宝-,,"
娱乐,14706,“为你钟情十二载·张国荣”12周年纪念活动,项目成功,100000.00,200226.87,8445,9,3.99,8,9,2274,2015/03/29,否,3993,5,"淘宝-,,"
娱乐,10258,绘色苍茫—电影《狼图腾》视觉艺术展众筹活动,制作中,30000.00,57546.00,1044,0,0.00,22,0,466,2015/02/01,是,NOTFOUND,NOTFOUND,"淘宝-,,"
娱乐,6834,《何以笙箫默》陪你不愿将就,项目成功,10000.00,82423.00,784,0,0.00,16,1,1018,2015/01/21,是,NOTFOUND,NOTFOUND,"淘宝-,,"
娱乐,18690,为我们的青春鼓掌,项目成功,100000.00,188768.80,6937,13,4.80,17,0,1036,2015/05/19,是,26,20,"淘宝-,,"
娱乐,29357,捉妖吧兄弟 奔跑吧胡巴,项目成功,10000.00,171737.00,2855,7,5.00,3,0,1855,2015/07/31,是,311,30,"淘宝-,,"
娱乐,20059236,兰瑟x《吃豆人》官方正版限量口红套盒,预热中,100000.00,0,0,4,69.00,20,0,101,NOTFOUND,否,0,30,"淘宝-,,"
娱乐,20059240,洛饰奇 《吃豆人》正版授权 车载手机支架,预热中,50000.00,0,0,4,49.00,9,0,426,NOTFOUND,否,0,15,"淘宝-,,"
娱乐,20059303,PAC-MAN X HIPANDA 联名,预热中,20000.00,0,0,13,178.00,6,0,18,NOTFOUND,否,0,10,"淘宝-,,"
娱乐,10044519,《港囧》定制公仔充电宝 魔术手机壳 正版授权,项目成功,50000.00,53162.00,173,4,99.00,17,0,901,2015/10/25,否,17,45,"-,4.8,"
娱乐,28488,《摇滚英雄》原声专辑实体发行娱乐宝造梦开启,项目成功,10000.00,10050.00,201,1,50.00,9,4,57,2015/08/06,是,201,60,"-,,"
