项目类型,项目编号,项目名称,众筹状态,目标金额,实际筹资额,项目支持人数,项目回报总类,最低投资额,项目图片数量,项目更新数,评论数,是否制作视频,无私支持数,最低投资支持人数,预计回报发送时间,发起人所在地,项目结束时间
农业,126121,一人一元，寻找身边放心大米,已成功,200000,202287,8944,6,1.00,11,5,318,否,31,581,项目成功结束后立即发货,北京,已经结束
农业,157543,《不知名茶3》长白山脉已被我们承包，只差你这个森林之王,已成功,500000,3209912,3249,7,1.00,10,4,260,否,11,1018,项目成功结束后20天内,北京,已经结束
农业,140815,【黑鸡枞教父众筹】聆听吃出的健康传奇,已成功,100000,2052718,2665,5,98.00,23,4,97,是,102,1828,项目成功结束后30天内,北京,已经结束
农业,252445,舌尖上的五常稻花香米，“三株稻”品质良心米（众筹第二期）,已成功,100000,494469,1968,8,5.00,32,5,66,否,42,124,项目成功结束后30天内,黑龙江 哈尔滨,已经结束
农业,251368,舌尖上的五常稻花香米，“三株稻”品质良心米,已成功,100000,566326,1940,8,6.00,13,6,216,否,20,999,项目成功结束后立即发货,黑龙江 哈尔滨,已经结束
农业,171970,千岛湖淳鱼增殖放流众筹,已成功,200000,214340,1896,5,1.00,10,4,272,否,39,615,项目成功结束后立即发货,浙江 杭州,已经结束
农业,466894,柚见中秋 邮爱回家,已成功,50000,107115,1501,4,29.00,18,0,51,是,16,321,项目成功结束后10天内,广东 梅州,已经结束
农业,20353,【县长众筹】 永和核桃圆孩子书屋梦,已成功,150000,866675,1364,6,5.00,22,7,238,否,0,175,项目成功结束后7天内,山西 临汾,已经结束
农业,193234,每个童年都是限量版--和吴秀波一起为爱子手绘定制限量版尼雅干红,已成功,50000,57104,1221,4,1.00,2,5,121,否,3,982,项目成功结束后立即发货,北京,已经结束
农业,160876,全民从粮【有畝地】,已成功,50000,51597,1201,4,1.00,19,8,96,否,17,1000,项目成功结束后立即发货,北京,已经结束
农业,182590,99%中国人没有尝过的正山小种,已成功,100000,103936,1184,6,1.00,9,4,56,是,14,1101,项目成功结束后立即发货,浙江 杭州,已经结束
农业,530683,传说，江湖上有一种酒叫兄弟！,已成功,100000,100242,1102,4,1.00,1,23,33,否,19,178,项目成功结束后15天内,四川 德阳,已经结束
农业,204892,生长在铁矿石上的板栗，缘于燕山山脉原生态！,已成功,100000,101259,1083,6,1.00,18,5,100,否,5,258,项目成功结束后3天内,河北 承德,已经结束
农业,263128,品鲜，品新米，口口留香！,已成功,100000,103804,1057,3,10.00,6,10,91,否,7,778,项目成功结束后15天内,北京,已经结束
农业,298225,一种习惯从¥1开始,已成功,50000,50122,974,5,1.00,5,9,111,是,32,777,项目成功结束后15天内,河南 开封,已经结束
农业,602578,创意食品 军人品质,已成功,20000,21357,741,3,1.00,11,12,88,是,63,215,项目成功结束后30天内,江苏 苏州,已经结束
农业,344446,大山的气息，一份天然的松香,已成功,1000,1416,734,3,1.00,11,10,19,否,2,4,项目成功结束后10天内,云南 楚雄,已经结束
农业,335830,为未来众筹国际有机枸杞林地,已成功,50000,51109,721,5,1.00,13,10,62,否,12,35,项目成功结束后30天内,青海 西宁,已经结束
农业,2058,众志成橙感恩季——赣南脐橙原产地直供第二季,已成功,240000,262514,674,6,86.00,0,3,75,否,0,341,项目成功结束后10天内,江西 赣州,已经结束
农业,335257,【一江莲】桐木关制茶，回馈新老客户,已成功,50000,50428,670,4,2.00,10,16,61,否,41,55,项目成功结束后5天内,浙江 杭州,已经结束
农业,363226,自然之珍，水果之王——枇杷众筹第三季,已成功,1000,1238,629,2,1.00,7,11,40,否,1,7,项目成功结束后10天内,四川 成都,已经结束
农业,216208,彩蛋，为孩子打造的创意鸡蛋,已成功,100000,104631,624,3,1.00,20,10,127,否,39,192,项目成功结束后30天内,河南 郑州,已经结束
农业,609937,蒙都年羊 福禄吉祥,已成功,26700,27643,619,2,1.00,20,1,7,是,38,6,项目成功结束后立即发货,河北 石家庄,已经结束
农业,551887,做有底线的枸杞，我才不要转基因,已成功,2000,40313,615,3,25.00,15,5,58,否,63,81,项目成功结束后立即发货,甘肃 白银,已经结束
农业,363943,他从荷兰留学回来，带回了属于中国人的华夫饼,已成功,22300,23303,608,4,6.00,6,6,35,否,22,1,项目成功结束后60天内,上海,已经结束
农业,183874,“巨刚众酒”第叁季：中国最好的纯手工冬酿陈年绍兴黄酒,已成功,99000,455313,603,4,99.00,17,4,139,否,5,301,项目成功结束后立即发货,北京,已经结束
农业,338689,【腾冲极边小蜜人蜂蜜】因教育因孩子而产生的蜂蜜,已成功,50000,54960,595,5,28.00,13,10,130,是,48,183,项目成功结束后2天内,云南 保山,已经结束
农业,615778,从外企辞职、北大休学，他做了中国最牛的红糖厂,已成功,20000,92218,589,5,46.00,20,9,120,是,42,273,项目成功结束后立即发货,云南 玉溪,已经结束
农业,283000,『湘柳绿』湘西黄金茶---来自古寨白云间的稀有茶源,已成功,100000,103461.01,586,5,26.00,3,10,114,是,4,398,项目成功结束后立即发货,湖南 湘西,已经结束
农业,169828,《易武味道》——带你探寻真正的易武普洱的味道,已成功,3000,5964,584,5,1.00,2,6,49,否,4,533,项目成功结束后7天内,北京,已经结束
农业,241237,【电商扶贫】掀开红色的神秘面纱邂逅真正的我,已成功,10000,56901,575,5,9.00,9,9,133,是,1,10,项目成功结束后5天内,甘肃 陇南,已经结束
农业,404455,传奇一般的人生，需要一杯春茶,已成功,10000,51000,566,3,1.00,18,7,32,否,3,162,项目成功结束后5天内,福建 泉州,已经结束
农业,215938,和写逸来场改变人生的茶局吧,已成功,20000,29537,558,8,1.00,21,10,104,否,9,500,项目成功结束后20天内,上海,已经结束
农业,404065,企美有机初产柴鸡蛋，您与宝宝共享的第一枚鸡蛋。,已成功,100000,100006,558,5,2.00,10,9,45,否,7,376,项目成功结束后3天内,河北 邯郸,已经结束
农业,78082,【不知名茶】100块钱，和90后一起包1000座茶山,已成功,20000,1079351,549,4,1.00,11,3,78,是,12,229,项目成功结束后立即发货,北京,已经结束
农业,1343,众志成橙——赣南脐橙原产地直供,已成功,240000,241744,530,6,86.00,0,3,180,否,0,310,项目成功结束后10天内,江西 赣州,已经结束
农业,320095,梅季不是美人计，把心爱送给心爱。纯纯的雪山青梅酒，品尝最初的青甜。,已成功,20000,30242,525,4,1.00,3,10,73,否,14,200,项目成功结束后15天内,四川 成都,已经结束
农业,254323,以爱之名——来自深山的甜蜜,已成功,10000,10115,518,5,1.00,30,10,26,否,10,14,项目成功结束后立即发货,甘肃 天水,已经结束
农业,581998,你是啥样的大米？一亩才产300斤,已成功,50000,51125,510,3,35.00,18,17,43,否,32,229,项目成功结束后10天内,安徽 芜湖,已经结束
农业,246850,万人众筹，帮助农户农产品走出大山和退伍军人圆创业梦！,已成功,10000,10200,497,3,9.00,9,11,30,否,3,50,项目成功结束后5天内,甘肃 陇南,已经结束
农业,321631,15元众筹一座古法作坊，为你熬制6种暖心红糖,已成功,20000,28311,496,5,1.00,13,15,150,否,32,200,项目成功结束后立即发货,广西 贵港,已经结束
农业,344125,为了舌尖上的安全！10元众筹鲜嫩玉米！,已成功,20000,20313,494,5,10.00,24,12,101,否,34,99,项目成功结束后7天内,安徽 宿州,已经结束
农业,471625,杂粮出身，掀起主食革命！,已成功,80000,82530,491,6,1.00,27,1,22,否,8,28,项目成功结束后立即发货,山东 泰安,已经结束
农业,287446,为酒成魔：惟饮者，1000万只为一款酒,已成功,200000,207340,484,6,1.00,20,10,67,否,5,319,项目成功结束后30天内,北京,已经结束
农业,317926,世界再大，也要回家。带上小鲜肉原酿鲜酒，和儿时的玩伴见见面吧,已成功,100000,120731.10,484,4,66.00,9,10,109,否,8,409,项目成功结束后立即发货,浙江 杭州,已经结束
农业,237211,【祁雅】祁门红茶，十大茗茶之一，来自安徽祁县原产地的味道！,已成功,10000,14451,482,4,1.00,18,8,44,否,1,239,项目成功结束后7天内,安徽 黄山,已经结束
农业,320863,自然之珍，水果之王——枇杷众筹第二季,已成功,1000,1107,469,3,1.00,7,8,11,否,0,5,项目成功结束后10天内,云南 红河,已经结束
农业,184270,水晶葫芦酒：一款市面上买不到的好酒,已成功,99000,216418,439,6,69.00,4,5,142,否,14,106,项目成功结束后立即发货,山东 济南,已经结束
农业,122782,“巨刚众酒”第贰季：中国最好的手工酿制陈年绍兴黄酒,已成功,99000,343154,435,3,99.00,13,3,37,否,10,212,项目成功结束后立即发货,北京,已经结束
农业,390727,众筹一把烟台大樱桃,已成功,1000,2095,429,3,1.00,1,9,32,否,0,17,项目成功结束后10天内,山东 烟台,已经结束
农业,601681,自己育苗的非转基因紫薯，无农药化肥，错过等一年。,已成功,2000,24025,428,2,28.00,20,5,48,否,17,87,项目成功结束后立即发货,河北 邯郸,已经结束
农业,581023,咬一口，嘎嘣脆,已成功,20000,20218,419,4,1.00,10,2,11,否,12,55,项目成功结束后3天内,山西 运城,已经结束
农业,197626,斗出来的好茶——第四届马连道全国斗茶大赛,已成功,100000,101198,407,4,1.00,9,4,60,否,29,148,项目成功结束后立即发货,北京,已经结束
农业,170563,品味经典—订制一炉正宗果木熏制纯肉哈尔滨红肠,已成功,20000,45157,399,3,29.00,10,6,128,否,5,87,项目成功结束后7天内,黑龙江 哈尔滨,已经结束
农业,298948,中国好柑橘 - 中国最好的十个品种，依次呈现，前所未有！,已成功,99000,155558,397,5,198.00,40,10,78,否,1,274,项目成功结束后立即发货,上海,已经结束
农业,556813,细沙土里出美味，这儿的红薯特别香,已成功,2000,16466,387,2,22.00,21,2,16,否,35,60,项目成功结束后立即发货,河北 邯郸,已经结束
农业,332599,赵禹选酒之中国最好的纯手工冬酿绍兴黄酒,已成功,99500,178911,386,3,199.00,13,10,44,否,2,310,项目成功结束后立即发货,北京,已经结束
农业,163585,和平众宣——真正的明清古纸手工宣,已成功,39900,804636,384,4,399.00,9,4,79,否,12,208,项目成功结束后立即发货,北京,已经结束
农业,183907,纯正高山 白牡丹  喝出大山的静谧,已成功,10000,11790,381,3,1.00,4,7,34,否,6,324,项目成功结束后10天内,福建 厦门,已经结束
农业,506809,古地莱阳，有阳光，有千亩梨园,已成功,30000,30238,379,6,1.00,1,6,29,否,8,173,项目成功结束后15天内,山东 烟台,已经结束
农业,321622,皮蛋的清  咸蛋的黄——来自自贡盐都的琥珀盐蛋,已成功,9999,11891,375,5,10.00,8,31,77,否,5,100,项目成功结束后7天内,四川 自贡,已经结束
农业,379906,深山里的呼唤 —— 红豆杉,已成功,5000,5619,372,4,6.00,16,10,4,否,325,12,项目成功结束后30天内,甘肃 陇南,已经结束
农业,655317,伊犁河谷好大米，来自绝域高原的粒粒珍稀,众筹中,100000,53413,372,6,1.00,20,5,17,是,36,NOTFOUND,项目成功结束后25天内,新疆 伊犁,20天
农业,396409,三哥为之倾注一生的甜“蜜”--三哥原蜜,已成功,20000,20187,359,3,1.00,20,13,36,否,18,29,项目成功结束后立即发货,湖北 黄石,已经结束
农业,627264,风云相伴十二载 • 年年有渔创味来,已成功,68000,105512,359,2,128.00,23,6,69,否,21,292,项目成功结束后7天内,农业 黎婉仪,已经结束
农业,299719,上帝的禁果-奇果林百香果,已成功,30000,31319,356,6,1.00,8,23,81,否,8,127,项目成功结束后立即发货,广西 崇左,已经结束
农业,295477,金字塔尖的有机茶，安全放心捍卫健康,已成功,20000,53459,356,4,45.00,9,9,33,否,14,155,项目成功结束后立即发货,福建 厦门,已经结束
农业,330460,“IT神童”投身生态农业整六载，只为追寻儿时那清醇的饭香,已成功,16666,54830,352,6,19.00,26,8,96,否,21,112,项目成功结束后立即发货,湖北 武汉,已经结束
农业,221749,限量特供：中国最干净、最好吃、最营养的特级紫土豆,已成功,50000,265206,349,6,1.00,18,10,84,是,16,114,项目成功结束后立即发货,北京,已经结束
农业,301912,诚心橙意第二季，最鲜崔家 赣南脐橙，绝对物超所值特惠3.3元/斤起,已成功,11000,16375,347,6,1.00,23,22,122,否,3,94,项目成功结束后立即发货,江西 赣州,已经结束
农业,192343,县委书记众筹——康县原生态优质天麻的新生,已成功,10000,27791,344,3,29.00,37,5,77,否,6,74,项目成功结束后15天内,甘肃 陇南,已经结束
农业,455017,今年，您的水果，我承包了！,已成功,20000,20473,342,8,2.00,17,0,10,否,9,23,项目成功结束后2天内,四川 眉山,已经结束
农业,525418,帮柔弱的肩膀挑起家庭的重担，替求索的目光实现大学的梦想！,已成功,10000,12782,338,5,1.00,14,2,77,否,120,34,项目成功结束后5天内,福建 漳州,已经结束
农业,515626,山中有好茶，世人皆不知，缘岭梅尖茶，待寻有缘人,已成功,100000,105512,337,5,98.00,6,6,47,否,9,128,项目成功结束后30天内,福建 龙岩,已经结束
农业,242791,五马之约——森林深处的野生猕猴桃,已成功,5000,25058,333,4,10.00,18,5,43,否,196,53,项目成功结束后立即发货,甘肃 陇南,已经结束
农业,290698,【致匠心】陈永顺师傅的手工头层腐竹，只为赢得您舌尖的认可,已成功,15000,16364,325,5,1.00,11,12,56,否,3,69,项目成功结束后3天内,广东 河源,已经结束
农业,616549,一杯等待了千年的酒，足以慰世间所有风尘,已成功,10000,106137,318,7,2.00,44,0,23,是,2,10,项目成功结束后1天内,浙江 台州,已经结束
农业,293347,e桶油--为国人健康加油,已成功,100000,120625,308,5,1.00,3,8,71,否,6,82,项目成功结束后90天内,内蒙古 呼和浩特,已经结束
农业,526393,秦岭深处，万亩蜜源，他家的蜂蜜很天然,已成功,10000,13654,308,5,29.00,10,0,17,否,6,213,项目成功结束后立即发货,陕西 西安,已经结束
农业,328795,北纬38°贺兰山东麓，罕见100%美乐酿造，“艾之兰田园时光”干红葡萄酒,已成功,20000,46178,307,5,1.00,4,9,35,否,13,61,项目成功结束后3天内,宁夏 银川,已经结束
农业,323203,“巨刚众酒”第肆季：纯手工冬酿绍兴黄酒“春节暖心大礼盒”,已成功,268000,357746,306,4,268.00,16,9,71,否,0,170,项目成功结束后立即发货,北京,已经结束
农业,525145,黑茶，五年入药，十年当宝，岁月造就能喝的古董,已成功,100000,100568,305,3,5.00,5,10,22,是,10,70,项目成功结束后立即发货,山东 济南,已经结束
农业,374287,找回太平猴魁100年前的原初真味,已成功,50000,50042,304,5,48.00,7,12,21,否,6,216,项目成功结束后15天内,安徽 黄山,已经结束
农业,32896,“巨刚众酒”第一季：中国最好的手工酿制陈年绍兴黄酒,已成功,99000,179883,304,3,99.00,11,3,62,否,0,185,项目成功结束后45天内,北京,已经结束
农业,279112,“一山一蜜”纯与真——穿越古滇国的寻蜜之旅,已成功,20000,20257,301,3,6.00,6,10,27,否,5,245,项目成功结束后立即发货,云南 昆明,已经结束
农业,487468,农民科学养蜂，只差一个蜂箱，我为农家土蜂科学养殖保种繁育发起众筹,已成功,20000,20301,297,4,50.00,5,22,18,否,80,138,项目成功结束后10天内,甘肃 庆阳,已经结束
农业,68863,＂柑桔皇后＂之潮州蕉柑“清泉蔌蔌先流齿，香雾霏霏欲巽人”,已成功,20000,25594,285,8,1.00,18,5,61,否,4,110,项目成功结束后立即发货,广东 潮州,已经结束
农业,144859,创意改变产业！漳平水仙茶创制百年纪念大饼值得您拥有！,已成功,10000,74109,282,5,1.00,7,31,62,否,12,100,项目成功结束后30天内,福建 龙岩,已经结束
农业,162358,【安太集团众筹】健康吃喝玩（一站式解决您的高品质生活需求）,已成功,80000,80043,281,5,8.00,16,8,53,是,2,169,项目成功结束后20天内,河南 信阳,已经结束
农业,163405,寻1000名吃货，尝鲜【中国柑橘之乡】限量首发,已成功,5000,7044,280,6,9.00,14,7,156,是,0,100,项目成功结束后5天内,湖南 常德,已经结束
农业,340816,【不知名茶4】执子千元，予子千山；一份健康慢递，调养四季生息。,已成功,200000,200355,278,0,0.00,20,8,259,是,78,200,项目成功结束后立即发货,北京,已经结束
农业,217480,尝寿乡鲜米，建生态田园。,已成功,50000,54052,274,5,20.00,2,4,99,否,6,55,项目成功结束后立即发货,江苏 南通,已经结束
农业,167389,都是农夫梦，我的果园帮您来圆梦,已成功,80000,82556,274,4,1.00,12,94,107,否,7,178,项目成功结束后立即发货,山东 威海,已经结束
农业,158761,五加红茶，铁观音原叶逆袭做顶级红茶,已成功,12345,20064,273,5,1.00,16,5,50,否,13,20,项目成功结束后10天内,广东 深圳,已经结束
农业,197323,肉中贵族---“荭蕃”呼伦贝尔羔羊肉【吃着中草药、喝着矿泉水长大！】,已成功,80000,89462,272,4,99.00,8,4,75,否,6,71,项目成功结束后15天内,辽宁 沈阳,已经结束
农业,427123,小炉酱酒、暖胃走心 “寻找酒友”第一季,已成功,50000,128561,269,4,129.00,4,17,55,否,24,49,项目成功结束后立即发货,贵州 遵义,已经结束
农业,180187,【子睿汇聚，知茶一品】云南知名古树普洱茶之昔归,已成功,20000,20779,269,7,1.00,6,14,33,是,2,139,项目成功结束后20天内,云南 昆明,已经结束
农业,576796,五常寒稻有机米,已成功,10000,10215,269,2,1.00,4,20,47,否,36,217,项目成功结束后立即发货,黑龙江 哈尔滨,已经结束
农业,20719,【筹蟹】金秋感恩，为您诚意众筹阳澄湖大闸蟹,已成功,20000,30223,268,7,1.00,13,3,98,是,0,189,项目成功结束后3天内,北京,已经结束
农业,433924,美味多滋的奇异果，竟然诞生在在秦岭北麓的一个种植园,已成功,30000,30103,265,3,1.00,26,8,69,否,68,37,项目成功结束后立即发货,陕西 宝鸡,已经结束
农业,200062,【中秋蟹礼】来自沉湖湿地保护区，每个人都吃得起的原生态有机蟹,已成功,100000,103044,264,3,10.00,6,4,29,否,6,100,项目成功结束后立即发货,湖北 武汉,已经结束
农业,330718,15元带您亲手采摘赣南寻乌有机脐橙！请随我们赴一场说走就走的寻橙之旅！,已成功,10000,12273,262,4,15.00,8,8,36,否,5,29,项目成功结束后3天内,上海,已经结束
农业,315577,陈皮普洱，一款特别的茶，一份新年的祝福！,已成功,20000,47581,262,3,49.00,51,7,84,否,1,59,项目成功结束后30天内,广东 江门,已经结束
农业,464803,这哥们儿疯了，放弃百万年薪回到村里，只是为了种植出遵从古法的小米,已成功,20000,21525,261,3,30.00,20,4,25,否,79,100,项目成功结束后1天内,河北 邢台,已经结束
农业,311176,拯救果农，回馈美味苹果,已成功,1000,1208,261,3,1.00,4,8,25,否,2,14,项目成功结束后10天内,山东 临沂,已经结束
农业,590968,细沙土里出美味，这儿的红薯特别香,已成功,2000,12193,261,2,22.00,21,3,10,否,19,32,项目成功结束后立即发货,河北 邢台,已经结束
农业,201031,景芝微醺－一款喝出来的好酒,已成功,100100,101240,260,6,1.00,1,5,81,否,4,175,项目成功结束后立即发货,山东 济南,已经结束
农业,152056,当端午遇到父亲节，让杂粮粥滋养你爱的人,已成功,10000,10015,259,5,1.00,10,4,123,否,14,85,项目成功结束后立即发货,山东 济南,已经结束
农业,317620,筹一个酒庄，让爱喝酒的我们有一个讲故事的地方。,已成功,50000,102416,254,2,136.00,24,13,107,否,96,60,项目成功结束后5天内,浙江 金华,已经结束
农业,337459,“众”一棵鹰嘴蜜桃树，“筹”一片山水桃园,已成功,30000,36177,253,4,1.00,28,9,52,否,14,7,项目成功结束后10天内,广东 河源,已经结束
农业,254329,诸暨人请你来吃香榧--深山珍果（2015年10月最新一批果子）,已成功,10000,10561,251,6,1.00,19,8,57,否,1,220,项目成功结束后立即发货,浙江 绍兴,已经结束
农业,17795,一位年迈的老者与柚子的不解情缘,已成功,1000,7213,249,4,1.00,17,3,142,否,0,107,项目成功结束后10天内,福建 漳州,已经结束
农业,174334,每天享用一颗苹果  助力青岛润耕佰川,已成功,20000,40311,248,3,1.00,24,6,58,是,16,100,项目成功结束后30天内,山东 青岛,已经结束
农业,302740,【富川脐橙】90后新农人带您品尝最好的富川脐橙,已成功,10000,14966,248,4,39.00,6,12,77,否,9,93,项目成功结束后3天内,广西 南宁,已经结束
农业,489625,莲甜心苦——贫困农民需要您的关心和帮助,已成功,20000,20470,246,3,50.00,11,1,10,否,36,45,项目成功结束后10天内,江西 上饶,已经结束
农业,129880,带着一颗红心出发,已成功,30000,30375,244,7,1.00,24,4,21,否,7,77,项目成功结束后7天内,广东 梅州,已经结束
农业,245056,【关爱留守 让爱回家】 同共见证长白山真正的野山参,已成功,200000,202646,240,8,1.00,19,10,97,是,5,186,项目成功结束后7天内,上海,已经结束
农业,37747,两头乌美味归来 为宝贝养头放心猪,已成功,30000,33599,240,4,1.00,19,3,105,否,0,157,项目成功结束后30天内,浙江 嘉兴,已经结束
农业,620818,小轻奢【坚果日记】7种果仁·每日1包 助力跨新年,已成功,20000,20989,240,3,1.00,5,5,17,否,3,53,项目成功结束后立即发货,NOTFOUND,已经结束
农业,519877,伤心的苹果---为在冰雹灾害中受伤的花牛苹果寻找出路,已成功,10000,10561,239,4,1.00,1,9,18,否,19,29,项目成功结束后立即发货,甘肃 天水,已经结束
农业,409315,我们是90后，我们种植自己的梦想,已成功,18000,18001,238,4,1.00,10,10,23,否,5,1,项目成功结束后260天内,四川 成都,已经结束
农业,148456,蔚州贡米【圆孩子书屋梦】—— 御谷道,已成功,13000,13748,234,3,5.00,27,4,24,否,15,98,项目成功结束后立即发货,河北 张家口,已经结束
农业,19162,【赉康大米】在东北原生态湿地为自己筹一座粮仓吧,已成功,200000,246059,233,5,1.00,6,3,61,是,0,125,项目成功结束后5天内,黑龙江 鸡西,已经结束
农业,506551,深沟峻岭深处，60后的大叔寻得乡间美味,已成功,20000,21600,232,4,5.00,14,1,26,否,70,46,项目成功结束后15天内,陕西 西安,已经结束
农业,163366,阿胶世家传承经典，由大自然而生，为原生态喝彩！,已成功,69000,69696,228,6,1.00,7,5,28,否,2,80,项目成功结束后30天内,山东 聊城,已经结束
农业,596287,小炉酱酒 暖胃走心“寻找酒友”第二季,已成功,99999,282272,228,5,774.00,1,5,42,否,9,78,项目成功结束后50天内,贵州 遵义,已经结束
农业,11098,免费品尝，柿柿如意——我不要做软柿子被你捏,已成功,6000,6784,226,4,6.00,8,3,102,否,0,195,项目成功结束后1天内,江苏 徐州,已经结束
农业,600016,“茶族皇后”金花茶，源自于一亿七千万年前，第四纪冰川时期原始山茶遗珍,已成功,20000,20089,224,4,1.00,10,3,26,否,24,112,项目成功结束后30天内,广西 南宁,已经结束
农业,286117,【自然山物 ● 本是粮品】——大山的高冷与孤独，注定了它的与众不同,已成功,30000,32918,223,7,1.00,25,9,65,是,10,10,项目成功结束后立即发货,陕西 西安,已经结束
农业,377449,【咸渔有梦】一款没有“雾霾”的酒！,已成功,10000,32732,221,6,1.00,13,14,54,是,16,15,项目成功结束后立即发货,北京,已经结束
农业,33382,众志成橙——赣南脐橙原产地直供第三季,已成功,196800,197291,221,4,106.00,4,3,79,否,1,100,项目成功结束后立即发货,北京,已经结束
农业,187441,我是一颗菜，我在等待【第二期】,已成功,50000,80655,220,5,79.00,5,8,26,否,18,150,项目成功结束后30天内,河南 开封,已经结束
农业,155566,赤溪有机小番茄--青年创业献礼,已成功,5000,5203,220,2,1.00,8,4,10,否,11,37,项目成功结束后7天内,福建 宁德,已经结束
农业,608494,科技助力农业生产，让安心粮走向千家万户,已成功,20000,21418,220,4,5.00,16,1,8,是,10,115,项目成功结束后立即发货,安徽 芜湖,已经结束
农业,25498,水域山沙棘汁——为草原荒漠化治理出力，收获健康美丽,已成功,150000,152150,217,6,20.00,12,3,43,否,0,40,项目成功结束后30天内,内蒙古 鄂尔多斯,已经结束
农业,473317,东北自家笨榨豆油,已成功,1000,1013,217,3,2.00,8,8,1,否,10,8,项目成功结束后3天内,吉林,已经结束
农业,126634,怪咖“众”茶：西湖龙井（爆品1号）,已成功,107200,116909,217,3,268.00,15,3,10,是,17,158,项目成功结束后立即发货,浙江 杭州,已经结束
农业,296281,【陇南电商扶贫专供产品】蜂蜜●枸杞●茶   爱的组合   给冬天一个家,已成功,13908,14255,215,7,1.00,21,15,50,是,3,183,项目成功结束后7天内,甘肃 陇南,已经结束
农业,175504,来自世界硒都恩施宣恩黄金梨，总理两次亲访，县长亲自代言,已成功,15000,23041,214,6,39.00,10,20,54,否,8,44,项目成功结束后3天内,湖北 恩施,已经结束
农业,233080,正秋茶铁观音 寻找一份真正质朴的茶,已成功,20000,22660,214,3,68.00,2,6,26,否,50,89,项目成功结束后立即发货,福建 厦门,已经结束
农业,258781,小时候的酱油，小时候的味道,已成功,5000,5686,213,3,1.00,16,15,91,是,7,78,项目成功结束后3天内,云南 昆明,已经结束
农业,501862,宁县桥子村原生态老树青皮核桃--青年电商在行动“爱心义卖”,已成功,10000,10313,211,1,29.00,12,7,22,否,18,58,项目成功结束后10天内,甘肃 庆阳,已经结束
农业,26308,众筹陕西周至华优黄心猕猴桃,已成功,6000,16806,210,5,1.00,17,4,48,否,7,151,项目成功结束后8天内,陕西 西安,已经结束
农业,178015,纯绿色无污染稻鸭米种植,已成功,30000,31061,210,4,1.00,4,5,18,否,2,109,项目成功结束后15天内,湖南 株洲,已经结束
农业,396244,一世“枣”缘，给自己一个涅槃重生的机会,已成功,5000,5774,209,6,1.00,4,8,30,否,3,29,项目成功结束后15天内,河南 郑州,已经结束
农业,255805,回味国光1979：我回来了，你在哪儿？（360棵1979年老树小国光恭迎品鉴）,已成功,100000,102258,206,3,69.00,13,9,56,否,7,47,项目成功结束后立即发货,山东 烟台,已经结束
农业,581722,【新时代放牛娃】邀您共享小坡牛肉@助力山区留守老人,已成功,50000,50044,206,4,156.00,20,7,39,是,86,19,项目成功结束后30天内,湖北 襄樊,已经结束
农业,277276,来自东北大森林的雪蜜----给你想要的甜蜜,已成功,10000,11730,201,6,1.00,11,15,61,否,1,36,项目成功结束后立即发货,黑龙江 黑河,已经结束
农业,304933,（第2季）品味经典—私人订制一炉正宗果木熏制无淀粉纯肉的哈尔滨红肠,已成功,20000,22107,201,5,1.00,17,8,52,否,4,22,项目成功结束后7天内,黑龙江 哈尔滨,已经结束
农业,375160,【来自江西的第一瓶蓝莓酒】为美丽与健康而生,已成功,50000,50246,200,5,1.00,16,7,30,是,5,63,项目成功结束后30天内,江西 南昌,已经结束
农业,355168,《凤岐缘茶》和你来一场春天的约定,已成功,10000,10153,199,6,1.00,4,10,52,否,16,7,项目成功结束后30天内,山东 济南,已经结束
农业,622420,玩茶，来玩一次大的！,已成功,5000,6036,199,2,2.00,3,4,6,否,15,14,项目成功结束后7天内,福建 泉州,已经结束
农业,209332,阿庆嫂大闸蟹——带着阳澄湖的呼吸，寻你而来 ,已成功,2000,7714,198,4,1.00,1,6,41,否,0,170,项目成功结束后立即发货,江苏 苏州,已经结束
农业,181918,贵妃姜茶--寻找失传多年的老秘方,已成功,10000,10002,197,4,1.00,17,4,12,否,1,133,项目成功结束后7天内,福建 泉州,已经结束
农业,252703,东北大妞幸福农场——拥有一块属于自己的有机稻田,已成功,50000,50533,197,4,59.00,20,8,58,否,15,51,项目成功结束后立即发货,辽宁 沈阳,已经结束
农业,174868,闻花香，听蜂声！自家纯天然蜂蜜,已成功,3000,3750,196,4,1.00,16,5,22,否,2,141,项目成功结束后3天内,山东 聊城,已经结束
农业,523636,“老舅的果园”40年老树龄结果,已成功,6666,8763,194,1,38.00,9,3,13,是,1,91,项目成功结束后20天内,福建 漳州,已经结束
农业,627114,来自大自然的馈赠，“吉祥三宝”助力新年,已成功,5000,12976,191,3,18.00,32,3,14,否,15,39,项目成功结束后立即发货,北京,已经结束
农业,502771,快来，康县县委副书记要为一粒青核桃“带盐”,已成功,10000,11681,191,4,5.00,9,4,13,是,34,38,项目成功结束后立即发货,甘肃 陇南,已经结束
农业,238279,来自大山深处的馈赠——文县刘家坪核桃,已成功,10000,10492,191,7,2.00,15,6,64,否,9,90,项目成功结束后立即发货,甘肃 陇南,已经结束
农业,313387,不是所有鸡都叫——时光鸡,已成功,60000,60449,191,4,1.00,5,8,57,否,8,67,项目成功结束后7天内,四川 成都,已经结束
农业,335887,五年执着，只为孩子健康前行！让我们共同续写一个温暖的故事......,已成功,200000,204257,189,11,39.00,88,10,37,是,9,2,项目成功结束后40天内,北京,已经结束
农业,17247,种一杯卡布奇诺 喝一杯自己的庄园咖啡,已成功,10000,156320,188,5,50.00,20,3,113,否,0,108,项目成功结束后15天内,云南 昆明,已经结束
农业,173944,平利绞股蓝，老张有话说,已成功,35900,37029,187,2,99.00,18,9,69,否,102,47,项目成功结束后7天内,陕西 安康,已经结束
农业,557056,好甜好甜，昆仑雪水灌溉的和田大枣,已成功,20000,24891,187,4,39.00,4,4,27,否,6,41,项目成功结束后15天内,新疆 和田,已经结束
农业,211399,鲁西黄小米,已成功,1000,1373,187,4,1.00,17,8,24,否,2,12,项目成功结束后5天内,山东 聊城,已经结束
农业,187651,罗田板栗——来自大别山下的深情馈赠,已成功,5000,5196,185,8,1.00,8,7,40,是,35,15,项目成功结束后立即发货,湖北 黄冈,已经结束
农业,294220,客家土先生 | 最美的年华，我们选择回家卖黄酒,已成功,10000,20341,185,5,1.00,6,9,43,是,7,20,项目成功结束后立即发货,广东 广州,已经结束
农业,203248,跨界的艺术·洞藏的好酒,已成功,100000,106989,184,6,88.00,17,5,60,是,6,46,项目成功结束后3天内,山东 威海,已经结束
农业,158650,留住传世百年的传统手工艺制造！手工虾酱-坚持古法制造留住大海的味道,已成功,1000,1596,183,2,1.00,19,8,105,否,0,101,项目成功结束后3天内,天津,已经结束
农业,178093,残疾果农的创业梦---让果农真正富起来，让留守儿童不再留守,已成功,30000,30666,181,3,28.00,9,9,111,是,11,57,项目成功结束后立即发货,江西 九江,已经结束
农业,22395,与良品铺子一起挑货——品鉴红松,已成功,500000,541940,180,6,39.00,5,3,26,是,0,60,项目成功结束后7天内,湖北 武汉,已经结束
农业,309667,来自大自然的馈赠--新疆红枣,已成功,5600,5748,180,3,1.00,7,14,23,否,2,30,项目成功结束后立即发货,新疆 阿克苏,已经结束
农业,166066,琳宝姑娘和她的原生态枣园,已成功,5000,108881,178,4,19.00,8,4,49,否,9,93,项目成功结束后立即发货,山西 太原,已经结束
农业,532177,给自己家乡的产品做出自己的贡献,已成功,10000,10180,178,0,59.00,5,2,3,否,6,172,项目成功结束后立即发货,甘肃 白银,已经结束
农业,410455,一起培育百香果新品种,已成功,10000,10188,177,2,39.00,14,4,24,是,18,75,项目成功结束后30天内,福建 龙岩,已经结束
农业,406255,50%的铁观音不是安溪铁观音！那就来一杯叫“春”的茶！,已成功,38000,38258,175,5,5.00,20,9,42,是,27,20,项目成功结束后立即发货,福建 厦门,已经结束
农业,184654,【须舍白茶】心里一杯干净的茶 需要众人好水,已成功,20000,21497,175,4,48.00,28,8,51,是,20,61,项目成功结束后7天内,福建 厦门,已经结束
农业,497311,匠心台湾手工凤梨酥——来自台湾媳妇的美好心愿,已成功,7800,8572,175,2,1.00,5,3,12,否,36,19,项目成功结束后3天内,海南 海口,已经结束
农业,185881,“稻香蟹”，跨越千山万水只为遇见你,已成功,20000,20175,174,5,5.00,10,4,18,是,2,17,项目成功结束后立即发货,四川 泸州,已经结束
农业,324904,乡村之恋，用古法红糖众筹一个希望和志同道合的你,已成功,20000,20067,174,7,5.00,18,8,19,否,9,40,项目成功结束后3天内,浙江 丽水,已经结束
农业,376252,【电商扶贫】乡愁～只因大山深处那抹茶绿,已成功,10000,22714,172,3,86.00,15,7,26,是,134,8,项目成功结束后10天内,甘肃 陇南,已经结束
农业,271528,悦活进口蜂蜜，源自世界500强企业中粮产业链,已成功,50000,50008,172,6,2.00,6,12,42,否,0,87,项目成功结束后立即发货,湖南 长沙,已经结束
农业,180586,喜欢喝豆浆吗？现在有福了,已成功,500000,500320,169,5,100.00,9,6,37,否,13,28,项目成功结束后立即发货,河北 承德,已经结束
农业,166009,酸甜永泰芙蓉李干，梦想重回历史舞台,已成功,6000,6720,169,6,1.00,1,7,32,否,0,112,项目成功结束后7天内,福建 福州,已经结束
农业,302173,刺梨汁：贵州特有高活性抗氧化健康饮品！,已成功,50000,50642,167,4,1.00,8,14,60,是,4,33,项目成功结束后7天内,贵州 贵阳,已经结束
农业,222691,一坛给老父亲喝的酒,已成功,10000,31436,167,4,1.00,25,19,71,否,6,74,项目成功结束后30天内,河南 漯河,已经结束
农业,381421,有菇事~听陇南两当的小菇娘讲给你听！,已成功,10000,10752,166,3,58.00,23,8,15,是,64,39,项目成功结束后7天内,上海,已经结束
农业,331546,众筹烟台大樱桃 帮助父辈丰产又丰收,已成功,10000,11103,165,6,1.00,9,11,23,否,1,48,项目成功结束后10天内,山东 烟台,已经结束
农业,242950,良心在茶，他从“前沿茶商”变为“老派茶农”,已成功,10000,10609,165,4,1.00,21,7,61,是,9,110,项目成功结束后5天内,福建 泉州,已经结束
农业,321772,千里行  只为普洱茶的完整,已成功,5000,5489,165,3,1.00,8,8,36,否,8,55,项目成功结束后50天内,云南 临沧,已经结束
农业,566332,呦呦鹿鸣，食野之稻——种不好地的工程师不是好地主,已成功,5000,104179,165,4,1.00,11,7,38,否,15,42,项目成功结束后30天内,黑龙江 哈尔滨,已经结束
农业,32512,室内农场 —— 一起播种冬天的希望,已成功,150000,152583,164,8,1.00,14,3,67,否,1,73,项目成功结束后立即发货,北京,已经结束
农业,304399,研.橙 橙意来袭 红土地天然无添加赣南脐橙,已成功,20000,20780,164,4,1.00,20,8,36,否,0,28,项目成功结束后5天内,江西 赣州,已经结束
农业,623590,生态散养土鸡 ——寻找儿时的味道,已成功,20000,21045,164,2,98.00,11,6,16,否,23,117,项目成功结束后立即发货,NOTFOUND,已经结束
农业,265126,打破常规的法国“新”情，邀您共享博若莱新酒节,已成功,10000,53587,163,4,1.00,17,8,63,否,1,94,项目成功结束后15天内,上海,已经结束
农业,107341,一杯放心绿茶，也可以守护自然,已成功,30000,33812,162,4,50.00,15,27,23,否,8,50,项目成功结束后30天内,甘肃 陇南,已经结束
农业,297490,坚强村——梦想包装下的传统,已成功,20000,20416,162,4,12.00,12,8,46,否,3,27,项目成功结束后立即发货,浙江 湖州,已经结束
农业,323743,黑六黑茶，老板养生茶,已成功,100000,161666,160,6,98.00,7,15,70,否,32,36,项目成功结束后立即发货,山东 济南,已经结束
农业,353767,2015新出特级黄河滩枣二期---营养、口感、味道远超新疆枣,已成功,2000,6737,160,5,24.00,11,8,35,否,0,109,项目成功结束后立即发货,陕西 榆林,已经结束
农业,631707,源种出好米，好米有稻礼，我与五常稻花香不得不说的事儿,已成功,10000,13028,160,11,2.00,14,2,18,否,25,3,项目成功结束后30天内,五常大米 稻花香,已经结束
农业,167107,寻找记忆深处的头道原浆核桃香,已成功,6000,6006,160,3,15.00,4,7,19,否,2,8,项目成功结束后3天内,湖北 武汉,已经结束
农业,284200,新世界葡萄酒典范，澳洲国酒同厂酿造,已成功,100000,101651,158,8,118.00,13,13,278,否,16,22,项目成功结束后立即发货,山东 济南,已经结束
农业,385273,“叔叔，您要吗？”为孩子们众筹一片蓝天-留守儿童的心愿,已成功,5000,5256,157,3,10.00,19,17,13,否,71,11,项目成功结束后10天内,甘肃 陇南,已经结束
农业,466180,引自台湾，果园直供，甘博士智慧红心火龙果,已成功,10000,10003,156,2,1.00,10,6,34,是,7,27,项目成功结束后7天内,海南 海口,已经结束
农业,206218,让类人首葡萄酒走遍世界,已成功,10000,11371,156,3,1.00,11,32,14,否,26,50,项目成功结束后3天内,河南 新乡,已经结束
农业,144442,父亲节，让爸爸尝尝黑茶的味道,已成功,30000,30459,155,4,5.00,11,8,99,否,10,49,项目成功结束后立即发货,山东 济南,已经结束
农业,311299,慈母堂-暖暖的都是爱,已成功,8000,9215,155,2,58.00,12,11,23,是,3,147,项目成功结束后7天内,江西 上饶,已经结束
农业,624724,（众筹第二季）黑玉米面---有机健康食品，喝一口回味无穷,已成功,900,909,155,2,2.00,6,1,0,是,8,128,项目成功结束后立即发货,河北 衡水,已经结束
农业,468805,秉承古法的制茶人，百年的传承只为留存那抹古味,已成功,18888,18893,155,1,20.00,13,2,15,否,34,25,项目成功结束后立即发货,云南,已经结束
农业,193006,【古道茶农】一盏老茶，一壶老酒，茶农传承第一期：茶与酒的相遇！,已成功,3600,3812,154,3,1.00,14,9,24,否,14,93,项目成功结束后2天内,云南 昆明,已经结束
农业,320548,塞北粮仓-原生现磨 非转基因新年新粮 地主们走起,已成功,5000,17851,154,7,3.00,4,6,40,否,12,14,项目成功结束后立即发货,内蒙古 呼和浩特,已经结束
农业,363046,一颗牛肉丸 家乡的味道 故乡的情怀,已成功,10000,10670,154,5,42.00,6,10,21,否,4,20,项目成功结束后30天内,广东 汕头,已经结束
农业,376183,『湘柳绿』湘西黄金茶--- 一颗嫩芽，迎接春天！,已成功,20000,21094,153,4,1.00,1,7,9,否,0,63,项目成功结束后7天内,湖南 湘西,已经结束
农业,281674,宝宝私人定制的健康鸡蛋——“士兵兄弟“福硒绿壳鸡蛋,已成功,11800,12407,151,5,1.00,11,8,56,是,10,93,项目成功结束后10天内,安徽 池州,已经结束
农业,165361,寻找老手艺 古法 乌龙茶,已成功,10000,22635,151,6,1.00,4,10,82,否,14,100,项目成功结束后10天内,福建 厦门,已经结束
农业,227899,众筹支持2016年种植9999株罗汉果,已成功,20000,101013,150,5,1.00,9,4,143,是,0,113,项目成功结束后90天内,广西 桂林,已经结束
农业,297370,你愿意等我半年，酿一瓶土法酱油吗？,已成功,10000,10735,150,5,1.00,10,11,19,否,3,8,项目成功结束后180天内,广东 广州,已经结束
农业,173074,其二寻普洱“态与度”开篇之--“正度”(收藏级普洱茶),已成功,50000,107557,150,6,1.00,12,4,18,否,4,39,项目成功结束后20天内,河北 廊坊,已经结束
农业,309712,众志成橙——赣南脐橙原产地直供第四季,已成功,111117,115215,150,4,130.00,4,8,47,否,5,106,项目成功结束后立即发货,江西 赣州,已经结束
农业,249778,【苏州农家小妹】带你品正宗阳澄湖大闸蟹的美味 鲜活不用等,已成功,8000,8998,149,4,5.00,10,30,35,否,1,104,项目成功结束后立即发货,江苏 苏州,已经结束
农业,500560,大学没毕业，他们一群人就回乡开公司卖起了正宗平和蜜柚,已成功,28888,29605,149,4,1.00,13,1,16,是,29,11,项目成功结束后3天内,福建 漳州,已经结束
农业,180814,玉水村张叔和柚子的故事,已成功,5000,5023,149,5,1.00,11,7,8,是,1,112,项目成功结束后10天内,广东 梅州,已经结束
农业,178648,【盲测】大红袍，你可敢来挑战！,已成功,1000,1075,148,3,1.00,12,6,4,否,0,9,项目成功结束后20天内,浙江 杭州,已经结束
农业,394387,采处倒含秋露白，晒时娇映夕阳红,已成功,1500,1537,147,7,1.00,21,13,3,否,41,22,项目成功结束后10天内,甘肃 陇南,已经结束
农业,403603,馋驴探寻----会飞的面,已成功,10000,10014,146,4,2.00,10,6,30,是,11,6,项目成功结束后30天内,浙江 杭州,已经结束
农业,610816,寻茶五年   走了十万公里！寻你  不论天涯海角！,已成功,50000,53386,146,4,1.00,10,2,20,否,3,28,项目成功结束后10天内,天津,已经结束
农业,258763,海南琼中绿橙 - 把新鲜做到极致,已成功,30000,31411,146,6,11.00,20,6,47,否,10,0,项目成功结束后立即发货,海南,已经结束
农业,95866,烟台大樱桃，来自栖霞山村的一抹嫣红,已成功,10000,19012,145,4,89.00,15,3,96,否,2,86,项目成功结束后10天内,山东 济南,已经结束
农业,325249,果园直发 原生态赣南脐橙 赣州安远县 云山橙园直供,已成功,6000,6706,144,2,36.00,9,11,29,是,0,26,项目成功结束后立即发货,江西 赣州,已经结束
农业,470935,有情怀的葡萄,已成功,10000,10042,144,4,1.00,7,0,8,否,7,86,项目成功结束后立即发货,山东 潍坊,已经结束
农业,352321,茶人·茶树·茶心——这个春天，给你“最有味”的春茶,已成功,30000,30764,144,5,58.00,4,7,64,否,10,30,项目成功结束后5天内,安徽 六安,已经结束
农业,361147,7棵樱桃树，让孩子吃上自己种的放心樱桃,已成功,20000,20894,143,5,138.00,6,12,51,是,4,28,项目成功结束后80天内,辽宁 大连,已经结束
农业,204991,退伍军人为推广家乡千亩滞留无花果四处奔走努力,已成功,1500,2064,143,2,1.00,22,5,12,否,7,118,项目成功结束后立即发货,山东 威海,已经结束
农业,352099,福鼎白茶，太姥山上茶，原产地、高山、春料、传统日晒茶。让外公做的茶走出大山。,已成功,10000,16313,143,7,39.00,6,13,118,否,15,46,项目成功结束后立即发货,福建 宁德,已经结束
农业,649821,在新疆喀什，“灰”常期待“枣”点与你相遇,众筹中,1000,2595,141,4,10.00,10,1,10,否,2,100,项目成功结束后3天内,NOTFOUND,4天
农业,72037,{ Push | 扑食 } 海鲜，为情人节、过年夜带来深海味道,已成功,5000,51954,140,6,1.00,12,3,55,否,0,30,项目成功结束后立即发货,北京,已经结束
农业,19789,鄂西北荆山地区 老爸自种栎树黑木耳,已成功,2000,6316,139,4,1.00,7,3,78,否,0,32,项目成功结束后1天内,湖北 襄樊,已经结束
农业,182794,山里娃娃的绿色“梦”,已成功,10000,10045,139,6,1.00,8,5,26,否,5,104,项目成功结束后10天内,甘肃 陇南,已经结束
农业,256306,源于大山深处的“人生”—葛根,已成功,10000,11201,139,5,1.00,7,7,60,是,15,91,项目成功结束后7天内,湖北 襄樊,已经结束
农业,164650,一杯好茶，一抹芬芳，一份素养，让更多人找回一种习惯,已成功,6000,6001,138,3,1.00,32,4,29,是,8,51,项目成功结束后5天内,广西 南宁,已经结束
农业,125632,来自杭州农家小茶园的新春龙井茶,已成功,2000,15894,138,6,1.00,35,7,34,是,2,30,项目成功结束后立即发货,浙江 杭州,已经结束
农业,241687,传统手工艺为您把健康留住，让美丽延续……,已成功,1500,3587,138,5,1.00,16,7,63,否,6,82,项目成功结束后3天内,甘肃 白银,已经结束
农业,349168,茶人匠心    一位倔强茶人和他的内心坚守,已成功,6666,13884,138,6,1.00,28,10,31,否,20,35,项目成功结束后10天内,湖北 宜昌,已经结束
农业,158914,传播绝美好味道，传递农民幸福期待,已成功,10000,10665,136,4,9.00,8,4,11,是,3,41,项目成功结束后5天内,湖北 武汉,已经结束
农业,228355,【圣吉果·Tangelo】—— 一个桔柚的进化之旅,已成功,30000,31098,136,5,10.00,23,8,36,否,3,13,项目成功结束后15天内,北京,已经结束
农业,21967,漫享小产区定制无硫紫玫瑰花茶,已成功,3000,5363,135,4,1.00,9,3,56,否,0,45,项目成功结束后7天内,上海,已经结束
农业,39073,“一碗好范”和一个农民的梦想,已成功,150000,152390,135,5,1.00,11,3,52,否,1,54,项目成功结束后立即发货,黑龙江 哈尔滨,已经结束
农业,443905,我有一壶酒   足以慰风尘   慰风尘100%原汁桑葚酒,已成功,15000,15498,133,3,1.00,15,19,21,否,28,33,项目成功结束后15天内,辽宁 大连,已经结束
农业,398104,90%的人没尝过的正山小种 带你品味真正传统的味道 源自桐木关,已成功,3000,3007,133,5,5.00,29,7,11,是,2,12,项目成功结束后30天内,福建 南平,已经结束
农业,181357,简墨尊俎『樽▪酒』第一季：云南大理原产自酿果酒,已成功,30000,30750,132,6,8.00,19,6,14,否,2,16,项目成功结束后15天内,陕西 西安,已经结束
农业,374173,黑色玉米粥--有机健康食品，喝一口回味无穷,已成功,2000,2009,132,3,1.00,7,6,8,否,9,96,项目成功结束后立即发货,河北 衡水,已经结束
农业,246418,暖胃行动：红茶 武夷山岩茶 正山小种 桐木关红茶盒装 茶叶,已成功,10000,10169,132,4,5.00,1,12,30,否,67,46,项目成功结束后立即发货,福建 泉州,已经结束
农业,436777,回归本真——一群追逐农业梦的老男孩,已成功,50000,50003,132,3,2.00,15,4,22,否,27,15,项目成功结束后7天内,北京,已经结束
农业,154171,【鲜啤】只有7天保鲜期的真正德国精酿啤酒，明星也爱喝,已成功,50000,50163,132,6,10.00,25,6,23,是,12,87,项目成功结束后立即发货,浙江 金华,已经结束
农业,1891,过年了，带瓶茅台回家,已成功,500000,505710,131,6,999.00,4,3,38,否,0,44,项目成功结束后3天内,贵州 遵义,已经结束
农业,277621,【苹果进城记】新疆阿克苏糖心苹果的明星路,已成功,25000,26818,130,3,1.00,12,13,52,否,3,50,项目成功结束后5天内,新疆 阿克苏,已经结束
农业,444109,白拿法国波尔多贵族葡萄酒,已成功,10000,10007,129,3,1.00,39,4,8,否,2,14,项目成功结束后30天内,北京,已经结束
农业,258298,肉中精品---“红沙窝”西蒙塔尔牛肉【此项目仅限北京、甘肃地区】,已成功,25000,25838,129,5,1.00,12,9,92,否,3,9,项目成功结束后立即发货,北京,已经结束
农业,518749,云中故乡高山梯田的风景，是任何工业到不了的地方,已成功,100000,100405,129,4,300.00,31,0,23,是,59,30,项目成功结束后80天内,浙江 金华,已经结束
农业,24373,圣诞平安果  帮您传递真情送给挚爱的人,已成功,5000,7007.40,128,6,23.00,11,3,251,否,0,20,项目成功结束后1天内,北京,已经结束
农业,651540,为了梦想辞职回家养鸡、自吃送人两相宜的放养土鸡,众筹中,10000,322,128,6,59.00,11,2,6,否,127,NOTFOUND,项目成功结束后3天内,NOTFOUND,5天
农业,472507,【咕咕谷--四季侬家】第1季    你的地盘你做主，和我一起做地主！,已成功,30000,30339,128,5,1.00,23,8,46,否,13,50,项目成功结束后90天内,重庆,已经结束
农业,419839,【电商扶贫】来自贫困山区农户的盐水鹅，传承千年美味！,已成功,6000,6124,127,5,1.00,4,4,24,是,4,97,项目成功结束后15天内,广西 南宁,已经结束
农业,445138,“桃超级好吃！”世外来袭的新品种桃，想吃要趁早,已成功,2800,6818,127,5,36.00,10,14,27,是,32,87,项目成功结束后8天内,山西 运城,已经结束
农业,217735,香甜软糯，南顿黑蒜,已成功,9999,10465,127,7,1.00,6,30,105,否,10,35,项目成功结束后立即发货,云南 昆明,已经结束
农业,390202,品味自然的味道 孟连傣族古法纯手工原汁红糖,已成功,3000,6093,126,4,39.00,22,9,33,是,1,105,项目成功结束后立即发货,云南,已经结束
农业,581203,第一书记的黄土高原扶贫梦———“太阳塬”系列太阳山货,已成功,5000,5931,126,2,5.00,5,8,8,否,22,40,项目成功结束后7天内,甘肃 庆阳,已经结束
农业,148450,我有酒，中国首款主题概念蜂蜜酒,已成功,100000,103149,126,4,10.00,24,5,33,是,15,74,项目成功结束后30天内,北京,已经结束
农业,353890,观禾计划——“网红”大米养成记,已成功,27760,29100,126,2,98.00,2,11,22,否,6,20,项目成功结束后立即发货,上海,已经结束
农业,131611,糖水梨罐头黄桃罐头草莓罐头让你一次吃到爽,已成功,3000,3795,126,4,1.00,6,6,104,否,1,26,项目成功结束后7天内,安徽 宿州,已经结束
农业,205672,三位80后设计师的农人心——陕西周至猕猴桃,已成功,2000,2222,125,3,1.00,13,8,33,否,6,56,项目成功结束后7天内,陕西 西安,已经结束
农业,153070,透心凉清清爽 夏季花样小茶 减脂去腻 六种不同口味,已成功,5000,5238,125,3,1.00,17,11,19,否,3,59,项目成功结束后20天内,重庆,已经结束
农业,253939,禾合美美越光米——纯有机、零添加的真正好米,已成功,10000,10910,125,4,1.00,5,6,17,否,2,100,项目成功结束后立即发货,江苏 常州,已经结束
农业,101137,妈妈的手艺 请你品尝最正宗的朝鲜族传统泡菜,已成功,1000,3797,122,5,1.00,11,3,26,是,1,56,项目成功结束后5天内,吉林 延边,已经结束
农业,156121,【功夫酿】把最好的客家米酒带回家,已成功,20000,22538,122,4,69.00,31,4,148,否,14,58,项目成功结束后30天内,湖南 郴州,已经结束
农业,608665,一杯白茶  盼儿回家,已成功,50000,52448,122,5,1.00,7,9,6,否,10,69,项目成功结束后15天内,山东 济南,已经结束
农业,201490,【凯智联盟】明明绿色农家散养鸡,已成功,15000,19415,121,5,129.00,1,5,21,否,0,46,项目成功结束后立即发货,北京,已经结束
农业,294448,荔浦芋，就是那么粉糯香醇四品皆全！,已成功,20000,20264,121,6,1.00,18,8,17,否,2,54,项目成功结束后立即发货,广西 桂林,已经结束
农业,29803,【云际天马吃货俱乐部】产业援疆 来自库尔勒 不梨不弃的梦想！,已成功,200000,246554,121,6,8.00,11,3,40,否,0,45,项目成功结束后7天内,新疆 巴音郭楞,已经结束
农业,201598,守望者的春天---万人助力留守老人,已成功,20000,20378,121,4,58.00,7,5,48,否,9,57,项目成功结束后7天内,浙江 台州,已经结束
农业,66217,最美霞浦海鲜：沐屿岛 • 活海参,已成功,30200,31839,121,5,1.00,7,3,23,否,1,59,项目成功结束后3天内,福建 宁德,已经结束
农业,127003,朗谷众酒-践行中国白酒新文化运动【第一季】,已成功,118800,149293,121,4,198.00,15,9,48,否,1,84,项目成功结束后32天内,河北 保定,已经结束
农业,518908,天柚平和，柚香四海——不是每个柚子都叫平和琯溪蜜柚。,已成功,5000,5235,120,7,1.00,15,3,8,是,11,27,项目成功结束后立即发货,福建 漳州,已经结束
农业,254503,生长在森林公园 天然氧吧里的霜降苹果,已成功,5000,5815,118,2,45.00,8,9,29,否,4,27,项目成功结束后立即发货,山东 烟台,已经结束
农业,45427,世界烧 — 台湾预调酒众筹,已成功,29999,32884,118,5,49.00,6,3,62,是,2,57,项目成功结束后7天内,湖南 长沙,已经结束
农业,323875,一个喝黄河水长大的苹果,已成功,2000,2100,118,3,1.00,7,8,6,否,4,28,项目成功结束后7天内,山西 运城,已经结束
农业,38014,中国水产顶尖专家何足奇带您众筹最美海鲜：第一季·花雕酿金鲳,已成功,49500,51678,118,4,99.00,18,3,19,否,0,72,项目成功结束后30天内,广东 湛江,已经结束
农业,213349,不掺假的真五常稻花香大米—体验中国最好吃大米带来的感动,已成功,50000,50073,118,3,89.00,23,12,27,否,3,33,项目成功结束后15天内,黑龙江 哈尔滨,已经结束
农业,316960,海鲜到炕，熟海鲜0距离到家,已成功,10000,12022,118,9,3.00,7,6,37,否,2,28,项目成功结束后立即发货,北京,已经结束
农业,72652,山东沂南 林海花田圆您乡村田园梦,已成功,100000,103294,116,2,10.00,15,3,8,是,5,29,项目成功结束后立即发货,山东 临沂,已经结束
农业,323503,“寻茶客”第二季：只为非常有性格的普洱藤茶而来,已成功,50000,168554,116,2,500.00,12,8,44,否,9,87,项目成功结束后30天内,云南 临沧,已经结束
农业,73720,南果北调——来自越南的优质红心火龙果就是甜！,已成功,1000,5045,116,5,1.00,19,7,69,否,5,59,项目成功结束后立即发货,北京,已经结束
农业,93475,山上青梅，只为有心的你而存在，个性DIY任你玩,已成功,2000,2730,116,4,1.00,11,8,45,是,3,50,项目成功结束后15天内,广西 贺州,已经结束
农业,627423,喀什花青素之王，可以吃的护肤品——野生黑枸杞,已成功,20000,20467,116,3,5.00,10,4,8,否,4,1,项目成功结束后1天内,NOTFOUND,已经结束
农业,426229,在初阳国际乡村拥有自己的庄园,已成功,10000,19894,115,7,1.00,29,4,31,否,11,7,项目成功结束后立即发货,湖北 武汉,已经结束
农业,153259,山东沾化冬枣来了！感受金牌枣农带给你的甜脆枣香,已成功,1000,3845,115,4,1.00,16,4,88,是,1,64,项目成功结束后20天内,山东 滨州,已经结束
农业,338377,贵州春茶第一壶，仅250kg的珍品春茶,已成功,50000,54210,115,6,8.00,4,8,8,否,11,50,项目成功结束后20天内,贵州 黔南,已经结束
农业,180871,茶叶先生第一季：找茶？找茬？都来种茶者联盟,已成功,20000,20172,113,6,1.00,13,11,59,是,6,72,项目成功结束后5天内,广东 潮州,已经结束
农业,551548,金秋九月，让“梨”来袭！,已成功,10000,10000,113,4,40.00,9,5,38,否,5,102,项目成功结束后立即发货,陕西 咸阳,已经结束
农业,411571,雅鲁香大米：有机的，更健康！,已成功,300000,302886,112,4,888.00,1,8,25,是,34,40,项目成功结束后立即发货,黑龙江 齐齐哈尔,已经结束
农业,215899,阿努酒：中国首款蒙古音乐主题酒,已成功,100000,100135,112,4,260.00,11,7,44,否,14,16,项目成功结束后30天内,内蒙古 鄂尔多斯,已经结束
农业,168658,大声说出我爱你——浪漫七夕，可以吃的玫瑰花,已成功,50000,51025,112,4,8.00,5,4,5,否,2,23,项目成功结束后15天内,山东 青岛,已经结束
农业,314707,承德市宽城县南天门村天然无公害富士苹果，国家仅300个标准果园之一。,已成功,30000,30946,111,2,155.00,9,5,28,否,1,109,项目成功结束后2天内,北京,已经结束
农业,203896,“寻茶客”第一季：寻找双江勐库“忙蚌小村”古法手工普洱茶,已成功,50000,154493,111,5,1.00,4,6,50,否,6,43,项目成功结束后30天内,云南 临沧,已经结束
农业,522163,为你“粉身碎骨”——【温县铁棍山药熟粉】,已成功,10000,11173,111,4,52.00,9,0,34,否,29,17,项目成功结束后立即发货,河南 郑州,已经结束
农业,444010,“瓜坚强”返城记,已成功,6800,6922,110,1,10.00,2,4,6,否,10,97,项目成功结束后30天内,江苏 盐城,已经结束
农业,322177,美味和健康，牛蒡茶为您呈现,已成功,1000,1785,110,5,12.00,23,5,12,是,0,105,项目成功结束后3天内,山东 临沂,已经结束
农业,360403,探寻中华神草，长白山林下山参--来自长白山的问候,已成功,3000,3896,109,5,1.00,19,10,31,否,8,7,项目成功结束后7天内,吉林 长春,已经结束
农业,366175,【木桶土蜂蜜】我与百花有个约会，更期待与你有一场邂逅，我就是你的男闺”蜜“！,已成功,5000,21962,108,4,58.00,28,32,59,否,28,36,项目成功结束后立即发货,甘肃 陇南,已经结束
农业,426751,乡土乡情·赤峰小米——帮助农户产品走出大山，惠及朴实乡民,已成功,5000,5148,108,3,18.00,11,6,20,否,8,13,项目成功结束后5天内,河南 南阳,已经结束
农业,247720,第二季  贵州茅台镇封坛洞藏老酒,已成功,9999,22874,108,5,99.00,13,10,44,是,4,82,项目成功结束后15天内,广东 深圳,已经结束
农业,318688,纯手工酿制 原味芝麻调味酱--多乐酱 拌饭神器 无防腐剂 无添加剂,已成功,20000,20055,108,5,1.00,7,20,41,否,7,27,项目成功结束后30天内,北京,已经结束
农业,154276,戈壁滩上的白兰瓜，吃回70年前的老味道,已成功,20000,21243,108,5,1.00,16,8,19,否,0,69,项目成功结束后5天内,甘肃 兰州,已经结束
农业,286477,【天津沙窝萝卜】色翠绿，味甘甜，脆嫩多汁，一拍即裂，水果萝卜赛鸭梨颠覆你的味蕾！,已成功,2000,2355,108,3,1.00,19,8,21,否,1,25,项目成功结束后10天内,天津,已经结束
农业,268012,研.米  口齿留香的五常稻花香新米,已成功,30000,30240,108,5,1.00,22,7,17,否,0,14,项目成功结束后5天内,北京,已经结束
农业,442762,千里挺近大别山，寻找中国最好的茶油,已成功,100000,100513,107,4,500.00,8,4,27,否,59,24,项目成功结束后15天内,安徽 安庆,已经结束
农业,159307,虾搞&果来果趣“励志”小龙虾 吃货的约定,已成功,10000,10835,107,3,1.00,11,4,14,否,4,57,项目成功结束后立即发货,广东 广州,已经结束
农业,1417,巴山腊肉——众口香传的土猪原野直熏直供,已成功,50000,50326,107,3,80.00,10,3,18,否,0,41,项目成功结束后15天内,四川 巴中,已经结束
农业,41320,有信仰的乌皮香核桃 协助村长助山区村民实现“通车梦 ”,已成功,5000,8341,106,7,5.00,31,3,89,否,0,21,项目成功结束后立即发货,重庆,已经结束
农业,182302,我出100万，请你喝瓶好酒！,已成功,119999,120329,106,6,9.00,27,23,86,否,1,33,项目成功结束后9天内,四川 泸州,已经结束
农业,179671,一场关乎健康的革命,已成功,100000,104013,105,5,288.00,11,5,39,否,1,68,项目成功结束后30天内,辽宁 大连,已经结束
农业,381349,核桃的力量，农民的希望!,已成功,5000,5441,105,2,22.00,20,8,5,否,15,48,项目成功结束后7天内,甘肃 陇南,已经结束
农业,295333,诚心橙意——自产自销最鲜赣南脐橙，绝对物超所值,已成功,5000,6486,104,6,18.00,22,23,52,否,1,10,项目成功结束后3天内,江西 赣州,已经结束
农业,213235,正大Q宝贝鲜鸡蛋——富含DHA，呵护宝贝，健康成长,已成功,99900,101900,104,0,999.00,15,8,59,是,3,101,项目成功结束后3天内,北京,已经结束
农业,496936,吕梁山给您的奇特礼物——桦褐孔菌,已成功,30000,30287,103,6,5.00,17,14,10,否,60,6,项目成功结束后10天内,山西 吕梁,已经结束
农业,445498,可以连皮吃的葡萄——三个大学老师的“半农半X”创业实践,已成功,30000,32586,103,4,20.00,43,6,30,否,28,38,项目成功结束后立即发货,广西 桂林,已经结束
农业,374416,今年普洱，靠谱的玩法,已成功,60000,60030,102,2,9.00,6,8,26,否,8,48,项目成功结束后30天内,辽宁 大连,已经结束
农业,24694,【兄弟创业】又闻板栗香 帮家乡人卖栗子,已成功,5000,5811,102,6,1.00,18,3,29,否,0,58,项目成功结束后7天内,北京,已经结束
农业,173950,90后大学生的“螃蟹梦”——传承了三代养蟹人的故事,已成功,5000,5010,101,6,1.00,15,9,11,否,1,73,项目成功结束后30天内,江苏 苏州,已经结束
农业,586834,一杯有机豆浆的故事,已成功,60000,60000,101,2,89.00,11,3,12,是,15,77,项目成功结束后15天内,黑龙江 齐齐哈尔,已经结束
农业,13744,寻100名吃货，尝鲜【石门蜜橘】限量首发啦,已成功,5800,10240,100,2,58.00,6,3,110,否,0,80,项目成功结束后30天内,湖南 常德,已经结束
农业,248143,赣南脐橙新定义——来自坳背岗的新鲜美味,已成功,10000,11667,100,4,58.00,7,15,110,否,1,63,项目成功结束后15天内,江西 南昌,已经结束
农业,439312,闽融名茶——一款可以全程追溯的茶叶,已成功,10000,10758,100,3,49.00,10,5,11,否,10,20,项目成功结束后立即发货,北京,已经结束
农业,133495,【乡村幼儿教师】众筹凯米农家小米，启迪梦想，照亮希望!,已成功,5250,9279,100,7,1.00,11,5,10,否,7,10,项目成功结束后立即发货,河北 张家口,已经结束
农业,466762,十年工程师回乡养殖生态鸡,已成功,20000,20552,100,4,10.00,3,19,9,否,5,41,项目成功结束后90天内,四川 德阳,已经结束
农业,85768,布依族原生态手工红糖、刺绣，因爱而甜为爱而美！,已成功,28000,28595,100,2,58.00,21,3,12,否,6,49,项目成功结束后20天内,四川 成都,已经结束
农业,332140,味道超赞 赞！赞！赞！的冻干无花果 5年培育！冻干无花果2016公开招募！,已成功,5000,5252,100,2,9.00,7,7,11,否,2,24,项目成功结束后立即发货,山东 聊城,已经结束
农业,153922,【亮仔果业】368元在新疆阿克苏拥有自己的果树,已成功,30000,48572,99,3,120.00,3,4,57,是,5,15,项目成功结束后60天内,新疆 阿克苏,已经结束
农业,633663,淡淡花椒香  浓浓家乡情,已成功,5000,5217,99,4,3.00,17,8,12,否,17,19,项目成功结束后立即发货,甘肃 庆阳,已经结束
农业,198991,曾叔的匠人精神与他的红心柚,已成功,1000,2754,97,5,1.00,1,5,36,否,0,50,项目成功结束后10天内,福建 漳州,已经结束
农业,602605,梨花一枝春带雨，酥梨变酒香满溢,已成功,9999,12976,97,3,1.00,10,3,2,否,4,1,项目成功结束后15天内,江苏 盐城,已经结束
农业,173527,北纬38度纯枣酿造容颜不老酒,已成功,15800,17293,96,3,1.00,7,6,17,否,1,64,项目成功结束后立即发货,山西 晋中,已经结束
农业,73114,如如堂·八年景邁枣香砖,已成功,60000,60016,96,6,198.00,13,3,13,否,14,30,项目成功结束后立即发货,北京,已经结束
农业,369355,安全食粮—山野原粮  与亲友共分享,已成功,5000,5480,96,2,29.00,7,8,14,否,3,40,项目成功结束后立即发货,山东 济南,已经结束
农业,392107,养自己的中华蜂，吃自己的土蜂蜜。农户家直接到您手中。电商扶贫，圆梦陇南。,已成功,10000,11619,96,5,3.00,26,9,29,是,6,30,项目成功结束后立即发货,甘肃 陇南,已经结束
农业,446476,97年到16年，20年间，40亩荒山已经成为了绿树成荫的果园,已成功,3800,3811,96,0,39.00,5,5,13,否,7,89,项目成功结束后立即发货,云南 楚雄,已经结束
农业,140911,要吃就吃最好的芒果，  桂七香芒原产地直供众筹,已成功,30000,31310,95,4,99.00,4,4,15,否,0,33,项目成功结束后5天内,广西 百色,已经结束
农业,518584,民以食为天，米以我为鲜——2016正宗五常稻花香鲜米！（新米）,已成功,10000,10747,95,3,1.00,12,1,16,否,6,7,项目成功结束后15天内,广东 深圳,已经结束
农业,181417,"原生态土蜂牧场,圆桶土蜂认领",已成功,120000,121610,95,1,598.00,1,9,16,否,0,14,项目成功结束后365天内,浙江 衢州,已经结束
农业,389620,传承1800年的味道——圆木桶古法土蜂蜜,已成功,2200,2430,95,5,5.00,22,11,6,否,38,7,项目成功结束后立即发货,甘肃 陇南,已经结束
农业,42607,振坤众茶：安溪铁观音世家传人王振坤邀您共赏正宗铁观音,已成功,39600,61479,95,3,99.00,15,3,38,否,0,61,项目成功结束后6天内,福建 泉州,已经结束
农业,476722,他放弃了魔都体面的工作，回乡做了一个不安分的农民,已成功,10000,10164,95,4,10.00,8,4,13,否,11,41,项目成功结束后10天内,江苏 宿迁,已经结束
农业,621712,燕赤霞•日光晒红，真正的日光晒红！,已成功,90000,91110,95,0,990.00,10,5,2,否,3,92,项目成功结束后5天内,NOTFOUND,已经结束
农业,200338,国礼辣木，生命之树；美啦辣木茶，国际化养生新贵,已成功,10000,12260,94,4,1.00,31,5,27,否,0,46,项目成功结束后5天内,河南 南阳,已经结束
农业,340423,2016年紫阳富硒特级毛尖---纯芽尖春茶火热众筹,已成功,3000,8467,94,3,45.00,12,6,30,否,3,52,项目成功结束后立即发货,陕西 安康,已经结束
农业,545749,这里的葡萄，喝饱了临泉寺的水,已成功,10000,10238,94,3,5.00,5,8,16,否,21,9,项目成功结束后立即发货,北京,已经结束
农业,17207,长白山下野生松籽——2014，我们再次出发！,已成功,10000,28160,94,3,128.00,26,3,60,否,0,48,项目成功结束后5天内,北京,已经结束
农业,323680,冬日暖羊 — 扶贫众筹,已成功,20000,23742,94,5,210.00,9,7,16,否,3,14,项目成功结束后7天内,内蒙古 鄂尔多斯,已经结束
农业,162883,正宗古蔺赶黄草 保肝健脾一杯就好,已成功,6000,6166,93,4,3.00,23,8,8,否,6,47,项目成功结束后立即发货,四川 泸州,已经结束
农业,372538,第三季 贵州茅台封坛洞藏老酒,已成功,9999,32520,93,4,99.00,11,9,65,是,3,49,项目成功结束后15天内,贵州 遵义,已经结束
农业,195652,食柜优品-坚果的上新季-致力于全球最优质的坚果！,已成功,50000,50104,93,5,1.00,25,12,52,否,9,52,项目成功结束后3天内,广东 深圳,已经结束
农业,402334,订制眉县猕猴桃，每年新鲜奇异果送到家,已成功,1000,6814,93,4,49.00,25,14,66,否,9,51,项目成功结束后20天内,陕西 宝鸡,已经结束
农业,660249,墙头人，墙头的胡萝卜，府谷人的绿色菜篮子。送亲戚、送朋友、送长辈、送健康。,众筹中,10000,1776,93,5,10.00,5,0,10,否,28,NOTFOUND,项目成功结束后立即发货,陕西 榆林,20天
农业,259933,来自家乡的琯溪蜜柚，留住最清新正宗的味道。,已成功,3000,3936,92,7,1.00,25,8,29,否,0,25,项目成功结束后立即发货,福建 漳州,已经结束
农业,434239,沧源山地旱稻——红米之王,已成功,5000,5140,92,4,30.00,1,4,1,否,0,61,项目成功结束后30天内,云南 临沧,已经结束
农业,596377,田园梦享家：回归食物原本的味道,已成功,20000,20082,92,7,5.00,3,9,4,否,2,6,项目成功结束后15天内,上海,已经结束
农业,566983,60后老哥，抛弃城市，扎根米易高山沃土。回归园林，数十年在高山上培育甜美果实。,已成功,3000,3464,91,3,1.00,10,11,8,否,1,41,项目成功结束后5天内,四川 攀枝花,已经结束
农业,270190,“飞天”原浆茅台镇酱香典范,已成功,30000,40508,91,5,99.00,12,13,51,是,1,60,项目成功结束后立即发货,广东 深圳,已经结束
农业,384265,“萱”到“鲜”得！把第一次给你——头轮春茶众筹来袭,已成功,10000,11270,91,3,48.00,18,17,17,否,12,16,项目成功结束后立即发货,广东 湛江,已经结束
农业,53260,给洋里一个机会，让苦橘走得更远——福州大学创行柑苦与共项目,已成功,4500,5539,91,2,5.00,30,3,8,否,13,22,项目成功结束后3天内,福建 福州,已经结束
农业,282667,【当黑蒜遇上双十一】  上南顿，就够了！（第二期）,已成功,9999,10213,89,7,1.00,22,23,51,否,5,29,项目成功结束后立即发货,云南 昆明,已经结束
农业,426661,来自大山深处纯天然，无污染的一份心意,已成功,10000,13140,89,1,138.00,19,15,24,否,24,44,项目成功结束后30天内,北京,已经结束
农业,21123,来自国家AAA 风景区的农家有机茶花粉和蜂王浆 等你来尝,已成功,3000,17461,89,6,28.00,34,3,77,否,0,40,项目成功结束后5天内,湖北 荆门,已经结束
农业,126301,中国最好的大米：一餐五常米，浑忘酒肉香，0污染0农残0掺杂。,已成功,2000,3293,88,3,1.00,15,8,20,否,7,58,项目成功结束后5天内,山东 烟台,已经结束
农业,341305,山东烟台红富士苹果--抗战老兵有机果园【第二季】,已成功,3000,3215,88,10,1.00,13,11,14,否,0,7,项目成功结束后立即发货,山东 烟台,已经结束
农业,356428,不是每一滴蜂蜜都能走过成熟酿造期,已成功,3000,4869,88,4,30.00,17,7,56,否,2,20,项目成功结束后立即发货,山东 临沂,已经结束
农业,130117,大学生普洱茶文化主题推广,已成功,30000,30085,88,6,10.00,1,4,26,否,21,28,项目成功结束后立即发货,云南 昆明,已经结束
农业,343711,探寻中华瑰宝 长白山林下山参,已成功,5000,6013,88,6,1.00,18,11,13,否,0,43,项目成功结束后7天内,吉林 长春,已经结束
农业,164896,【五颗松子】专为宝贝和孕妈的顶级坚果,已成功,20000,20074,87,4,10.00,11,4,16,否,2,48,项目成功结束后15天内,北京,已经结束
农业,564034,我叫大山，是客家人的后代—赣南脐橙,已成功,8000,8068,87,4,18.00,15,1,13,是,0,1,项目成功结束后5天内,江西 赣州,已经结束
农业,214522,国家非物质文化遗产--红曲酒（六百年传承从未改变）,已成功,99000,123651,87,5,99.00,20,7,39,否,0,39,项目成功结束后10天内,浙江 金华,已经结束
农业,466072,最方便的现磨挂耳咖啡，送杯子，为全民普及，告别速溶,已成功,1000,2066,87,3,10.00,15,13,10,否,3,53,项目成功结束后30天内,北京,已经结束
农业,270472,凡了茶境主题众筹《一杯茶而已》——白茶篇,已成功,3000,4106,87,3,1.00,15,12,35,否,2,50,项目成功结束后立即发货,湖北 武汉,已经结束
农业,636888,如 · 菓爱，你的专属果茶。,已成功,20000,20586,87,4,1.00,6,6,17,是,16,19,项目成功结束后7天内,广西 桂林,已经结束
农业,12554,天空菜园——追逐都市的田园梦,已成功,80000,215158,86,5,1.00,11,3,46,否,0,58,项目成功结束后30天内,北京,已经结束
农业,18759,2014年头批香榧 — 养生珍品，干果中的贵族,已成功,6000,31208,86,5,1.00,9,3,42,否,0,12,项目成功结束后15天内,浙江 杭州,已经结束
农业,256945,天赐良橙——赣南脐橙 绿色无公害种植,已成功,10000,10268,86,6,66.00,20,10,27,否,0,62,项目成功结束后15天内,江西 赣州,已经结束
农业,293953,天赐良橙——赣南脐橙 绿色无公害种植,已成功,5000,5370,86,5,36.00,12,9,12,否,0,42,项目成功结束后10天内,江西 赣州,已经结束
农业,18081,品一口大山深处的纯“脆”，栖霞苹果送健康,已成功,160000,169534,86,5,89.00,19,3,72,否,0,44,项目成功结束后3天内,山东 烟台,已经结束
农业,317992,“拯救古桑树·我们在行动”古树霜桑叶茶第二季,已成功,5000,6208,86,6,1.00,12,9,38,否,1,10,项目成功结束后30天内,山东 聊城,已经结束
农业,35299,怀柔油栗，特制烤箱，栗子控们自己动手做健康美味烤栗子吧,已成功,50000,54153,85,6,10.00,6,3,34,否,1,20,项目成功结束后立即发货,北京,已经结束
农业,148489,轩辕氏家邀您共品——朤燚轩辕纯高粱酒（第一季）,已成功,50000,50636,85,6,116.00,29,4,57,否,51,10,项目成功结束后30天内,山东 济宁,已经结束
农业,240214,因爱而筹，为爱做“主”,已成功,10000,10031,85,4,1.00,5,6,40,否,7,55,项目成功结束后10天内,陕西 延安,已经结束
农业,423340,榛子寻亲记,已成功,5000,5869,85,4,40.00,3,4,13,否,18,30,项目成功结束后立即发货,内蒙古 呼伦贝尔,已经结束
农业,581044,会说话的红糖，有感情的红糖，新一代撩妹神糖,已成功,10000,10780,85,5,48.00,21,0,7,是,62,10,项目成功结束后15天内,广东 深圳,已经结束
农业,200302,健康心情食品-茶叶茶氨酸糖,已成功,100000,100421,85,2,100.00,14,7,55,是,3,54,项目成功结束后30天内,重庆,已经结束
农业,433093,雪域藏狼酒  藏家不老方,已成功,10000,10217,84,7,11.00,7,4,25,否,24,40,项目成功结束后30天内,北京,已经结束
农业,129424,放飞都市人的农耕梦想  追寻一片宁静的心灵绿地,已成功,10000,11681,84,3,1.00,7,5,10,否,7,35,项目成功结束后立即发货,天津,已经结束
农业,270352,“那楼淮山营养酒”第一季： 中国首款山药发酵酒，做最好的营养酒,已成功,19998,24913,84,5,9.00,16,9,31,是,0,25,项目成功结束后立即发货,广西 南宁,已经结束
农业,246442,肉中极品谁最强，中国牛羊找“大牧场”---源于锡林郭勒大草原原生态好牛羊,已成功,10000,13605,84,9,1.00,2,9,19,否,0,21,项目成功结束后3天内,重庆,已经结束
农业,15323,咱家的沙窝萝卜——还是那个味儿,已成功,5000,6210,83,3,39.00,11,3,84,否,0,70,项目成功结束后60天内,天津,已经结束
农业,244198,传承农家传统手工艺，回忆儿童时候的美味，发展耒阳特色土特产豆角干,已成功,2000,2632,83,5,10.00,21,5,19,否,1,5,项目成功结束后10天内,湖南 衡阳,已经结束
农业,107686,不怨天，不靠人，60岁张大妈靠黑木耳再创业,已成功,120000,120521,83,2,118.00,6,3,6,否,27,26,项目成功结束后30天内,内蒙古 呼伦贝尔,已经结束
农业,15894,筹爱心冬鞋 品井蛙咖啡,已成功,10000,11770,83,3,10.00,12,3,14,否,0,29,项目成功结束后10天内,云南 昆明,已经结束
农业,153322,养生保健——石柱参，诸多媒体联袂推荐,已成功,6000,11642,83,10,1.00,7,7,15,是,1,35,项目成功结束后5天内,辽宁 沈阳,已经结束
农业,360610,UNIBALE，来自新西兰的纯净蜂蜜，给您不一样的甜蜜,已成功,5000,5033,83,9,5.00,4,8,21,是,10,25,项目成功结束后5天内,四川 成都,已经结束
农业,120883,天然绿色海产——龙须菜,已成功,5000,6307,83,5,9.00,9,4,9,否,4,21,项目成功结束后立即发货,广东 潮州,已经结束
农业,662526,为了寻找故乡舌尖上的味道，养殖吃松针，水果的走地鸡,众筹中,20000,4089,83,3,1.00,18,3,10,是,16,NOTFOUND,项目成功结束后30天内,广东 云浮,24天
农业,185542,宗虬龙的板栗林,已成功,3000,4417,82,3,1.00,13,7,26,是,4,21,项目成功结束后15天内,山东 青岛,已经结束
农业,442636,纯粹咖啡 | BOP精品豆联合竞标,已成功,80000,81808,82,2,100.00,3,5,5,否,16,18,项目成功结束后立即发货,上海,已经结束
农业,194254,酸甜永泰芙蓉李干，梦想重回历史舞台,已成功,3000,3091,82,4,3.00,1,4,6,否,0,49,项目成功结束后7天内,福建 福州,已经结束
农业,180247,抛弃化学外衣，奉献有机红心,已成功,9400,10826,81,2,1.00,10,4,10,否,1,45,项目成功结束后7天内,广西 南宁,已经结束
农业,101497,高州荔枝众筹，枝头采摘顺丰专机直达用户,已成功,3000,7213,81,5,1.00,16,17,36,否,0,40,项目成功结束后20天内,广东 茂名,已经结束
农业,25354,【中茶普洱众筹】忠茶君邀您参与中茶普洱新品口感测评,已成功,3000,3754,81,4,1.00,17,3,37,是,1,20,项目成功结束后立即发货,云南 昆明,已经结束
农业,239539,来自焦作温县的有机铁棍山药 原生态营养更高 口感甜面糯 老人小孩孕妇滋补圣品,已成功,10000,10428,81,5,1.00,12,4,28,是,0,18,项目成功结束后立即发货,河南 焦作,已经结束
农业,177064,果都果海——大沙河红富士苹果,已成功,1000,2424,80,8,1.00,19,6,25,是,1,40,项目成功结束后15天内,江苏 徐州,已经结束
农业,249055,鄂西北 武当山东麓  老爸自种 野生椴木 香菇,已成功,10000,10210,80,6,35.00,19,15,61,否,8,17,项目成功结束后立即发货,湖北 襄樊,已经结束
农业,558532,【一生一柿第二季】我有柿情想告诉你,已成功,3000,3066,80,2,39.00,4,5,6,否,19,48,项目成功结束后90天内,河北 保定,已经结束
农业,307567,慎初移动酒窖 源自茅台 酱香典范 附带酒糟 原浆封存,已成功,35000,35207,79,4,1.00,21,8,34,否,2,13,项目成功结束后3天内,北京,已经结束
农业,352417,烟台栖霞苹果第二季--苹果“侠”给您送健康,已成功,1000,1504,79,11,1.00,10,12,28,否,6,17,项目成功结束后立即发货,山东 烟台,已经结束
农业,182896,苹安到家--记忆中小时候的味道,已成功,20000,20322,78,4,69.00,29,4,9,否,0,11,项目成功结束后15天内,山东 烟台,已经结束
农业,298921,【游洋镇电商助农】农情奉献，源于大自然的甜味，“游洋小镇”带给您最纯正的农家蜂蜜,已成功,6000,7252,78,3,2.00,19,8,17,否,2,20,项目成功结束后5天内,福建 莆田,已经结束
农业,524926,姜姜好®美微紫米：源自六祖故里，不多不少姜姜好，每一粒都是诱惑！,已成功,10000,10377,78,5,1.00,3,1,10,否,2,40,项目成功结束后立即发货,广东 云浮,已经结束
农业,113032,告别添加剂，我的果酱我做主：带您找回食物天然的味道,已成功,5000,5890,78,2,38.00,18,3,3,否,8,23,项目成功结束后10天内,河北 保定,已经结束
农业,181039,酥月——夙愿 但愿人长久，千里共团圆,已成功,8000,8061,77,4,9.00,7,4,5,否,23,3,项目成功结束后30天内,浙江 杭州,已经结束
农业,292768,来自北纬37.48°的红色甘甜——中宁无硫枸杞,已成功,5000,5030,77,6,1.00,10,6,7,是,2,22,项目成功结束后1天内,广东 广州,已经结束
农业,207226,产自梁子湖畔  天然有香气的黄秋葵养生花茶,已成功,10000,10009,76,4,1.00,10,6,16,否,5,37,项目成功结束后立即发货,湖北 武汉,已经结束
农业,217027,爱吃龙眼（桂圆）的看过来！古法烘制桂圆干，农家地道手工艺。,已成功,9999,10145,76,6,1.00,4,5,21,是,0,26,项目成功结束后立即发货,福建 莆田,已经结束
农业,316678,【蓟县3000亩高山生态散养鹊山鸡】富含“硒”的高山鹊山鸡野鸡蛋！,已成功,5000,5005,76,7,5.00,7,9,23,否,6,9,项目成功结束后30天内,天津,已经结束
农业,137026,【霍山石斛第一波】让霍山石斛护航每个家庭,已成功,2000,3286,76,4,1.00,6,7,29,是,3,35,项目成功结束后10天内,安徽 六安,已经结束
农业,149536,云南纯天然野生蜂蜜 与有蜜缘的人共享,已成功,10000,10283,76,6,1.00,19,6,25,是,6,47,项目成功结束后3天内,云南 普洱,已经结束
农业,598276,宁夏贺兰山东麓小产区葡萄酒众筹,众筹中,5000,4802,76,3,80.00,15,0,1,否,48,NOTFOUND,项目成功结束后立即发货,宁夏 银川,49天
农业,2704,尝鲜众筹——延安宜川红富士,已成功,11600,11774,75,3,116.00,17,3,23,否,0,43,项目成功结束后立即发货,北京,已经结束
农业,443362,拒绝加班——我们“认醉”！,已成功,2088,4383,75,3,1.00,10,32,26,否,11,21,项目成功结束后12天内,河北 保定,已经结束
农业,610030,在这里，你众筹的是不一样的甜蜜,已成功,30000,30375,75,2,300.00,9,0,5,否,31,15,项目成功结束后立即发货,山东 烟台,已经结束
农业,391753,【益茶众筹】包茶山！猴年要喝头采太平猴魁 全程监制手工制茶,已成功,30000,30700,74,3,100.00,6,10,44,是,3,41,项目成功结束后立即发货,安徽 黄山,已经结束
农业,212488,爱泡饮，枸杞、茶叶、蜂蜜…随心泡，只要够专业，我们就能在一起,已成功,20000,20040,74,5,10.00,13,5,35,否,1,14,项目成功结束后3天内,江苏 苏州,已经结束
农业,620911,授渔助农-景迈山原生态普洱古树茶,已成功,2000,12661,74,5,58.00,10,17,21,否,4,21,项目成功结束后5天内,云南,已经结束
农业,66322,最美霞浦海鲜： 闵亿源 • 初紫菜,已成功,50000,50314,74,5,1.00,8,3,6,否,0,22,项目成功结束后3天内,福建 宁德,已经结束
农业,177643,无催红素、无农药污染自然成熟的茶淀玫瑰香葡萄，天津地标产品-能闻到玫瑰味的好葡萄,已成功,2000,2458,73,2,1.00,27,4,6,否,0,12,项目成功结束后立即发货,天津,已经结束
农业,413398,"“守一片古老，候一羽希望""—贫困村黎明的曙光",已成功,5000,5111,72,6,20.00,23,4,1,是,63,2,项目成功结束后10天内,甘肃 陇南,已经结束
农业,199858,“八月桂花酒更香“第一季： 做中国最好的桂花酒,已成功,15800,16820,71,4,10.00,16,8,19,是,1,43,项目成功结束后立即发货,四川 泸州,已经结束
农业,250966,来自家乡的脆爽美味蜜枣牛奶枣青枣子绿色无污染,已成功,4000,4017,71,5,1.00,16,7,22,否,1,34,项目成功结束后立即发货,福建 漳州,已经结束
农业,444760,让老爸喝上黑六黑茶,已成功,40000,41035,71,4,5.00,4,4,5,否,2,0,项目成功结束后立即发货,山东 济南,已经结束
农业,168040,康县电商扶贫进行时---木桶土蜂蜜众筹“闺蜜”,已成功,8000,8938,71,2,1.00,18,6,24,是,10,23,项目成功结束后立即发货,甘肃 陇南,已经结束
农业,235501,东北段木木耳，在木头上生长的木耳,已成功,10000,11324,71,8,2.00,13,9,51,否,1,23,项目成功结束后立即发货,北京,已经结束
农业,16554,家乡好食材——舜芋，好吃到没朋友！,已成功,3000,3081,71,4,1.00,11,3,40,否,0,41,项目成功结束后10天内,浙江 金华,已经结束
农业,160306,舌尖上的幸福滋味：松茸宴,已成功,10000,21028,71,6,5.00,23,7,33,是,3,45,项目成功结束后10天内,云南 昆明,已经结束
农业,181552,【百年赖茅传家路】海归女设计师回归白酒家族使命,已成功,50000,58530,71,4,59.00,10,7,18,是,3,38,项目成功结束后3天内,贵州 贵阳,已经结束
农业,310954,自然之珍，水果之王——枇杷,已成功,1000,1347,71,4,1.00,7,9,32,否,1,23,项目成功结束后10天内,云南 红河,已经结束
农业,166918,【老茧粮品】舌尖上的山珍——来自福建顺昌的野生春笋干,已成功,3000,11025,70,6,1.00,7,5,29,否,2,19,项目成功结束后7天内,广东 深圳,已经结束
农业,380413,众筹易武茶山•落水洞村 村长家的古树普洱茶！,已成功,10000,10032,70,6,10.00,5,10,17,否,4,20,项目成功结束后5天内,安徽 合肥,已经结束
农业,550849,紫蒜辣酱，来自家乡的心灵慰藉！,已成功,2000,2912,70,2,29.00,16,1,8,否,1,52,项目成功结束后立即发货,广东 深圳,已经结束
农业,93607,中国最美小镇 一“天下第一崮乡”农家纯天然蜂蜜,已成功,10000,18418,70,3,32.00,26,9,45,否,2,41,项目成功结束后10天内,山东 临沂,已经结束
农业,263350,不时不食 乐享脐橙与您共享来自中国脐橙之乡的富川脐橙,已成功,7000,7220,70,3,68.00,7,13,19,否,1,45,项目成功结束后5天内,广西 贺州,已经结束
农业,159625,为你做一饼只属于你自己的茶,已成功,10000,10228,70,3,50.00,16,3,7,否,1,14,项目成功结束后15天内,山东 济南,已经结束
农业,478747,他在深山里，用自然调味传统红茶,已成功,10000,10289,70,6,75.00,19,4,19,否,0,23,项目成功结束后30天内,云南 昆明,已经结束
农业,509806,中秋新食尚，当传统撞上全新无糖科技,已成功,20000,20167,70,4,88.00,15,0,20,否,3,10,项目成功结束后7天内,湖北 武汉,已经结束
农业,95998,书峰枇杷－果满肉甜自然美味，您不容错过的新鲜直递,已成功,2600,5532,69,2,26.00,11,3,47,否,0,30,项目成功结束后5天内,福建 莆田,已经结束
农业,150217,田家四姐妹紧急帮乡计划,已成功,5000,8835,69,2,25.00,3,5,115,否,8,50,项目成功结束后13天内,山东 烟台,已经结束
农业,255664,富硒认证山东红薯 天然富硒沙土土壤种植 养生的好红薯,已成功,2000,2161,69,3,1.00,15,7,36,否,0,50,项目成功结束后3天内,山东 聊城,已经结束
农业,303667,关中四食，很北方的朴素良食,已成功,10000,10655,69,6,58.00,21,9,73,否,5,29,项目成功结束后15天内,陕西 宝鸡,已经结束
农业,12774,再寻200名品位吃货：尝鲜【石门蜜橘】赢惊喜，后会还有期,已成功,11600,11662,69,3,58.00,7,3,81,否,0,49,项目成功结束后15天内,湖南 常德,已经结束
农业,354754,烟台栖霞苹果第三季-吃了栖霞苹果才知道什么叫苹果,已成功,1000,1372,69,13,1.00,13,9,51,否,7,16,项目成功结束后立即发货,山东 烟台,已经结束
农业,598351,渭北高原白水苹果，助力果农,已成功,2000,2316,69,4,39.00,9,1,5,否,61,7,项目成功结束后立即发货,陕西 渭南,已经结束
农业,176689,一瓶关于你的“蜜秘”,已成功,2999,3112,68,2,5.00,2,5,26,否,4,20,项目成功结束后立即发货,山东 德州,已经结束
农业,90142,【凤庆红茶众筹】爸爸遗失的梦想 - 甘氏红茶,已成功,5000,8266,68,6,1.00,12,7,32,否,0,7,项目成功结束后立即发货,云南 临沧,已经结束
农业,125431,足不出户在家喝好水，喜欢天然苏打水的看过来,已成功,9999,10002,68,7,1.00,13,3,9,否,24,33,项目成功结束后7天内,北京,已经结束
农业,472642,品蓝莓红酒原汁纯酿，享黔东南州生态琼浆,已成功,6000,6000,68,6,48.00,10,7,2,否,9,8,项目成功结束后30天内,贵州 黔东南,已经结束
农业,659784,浙江衢州”sandiesang.town” 客栈，诚邀合伙人，共赏山水交汇的风情,众筹中,500000,22479,68,8,5.00,8,0,12,否,29,NOTFOUND,项目成功结束后90天内,浙江 衢州,84天
农业,207592,临潼渭北沙土地红薯，无农药残留，无激素添加，不反季种植，还原味于蔬果,已成功,2000,2421,67,3,26.00,8,5,16,否,51,7,项目成功结束后10天内,陕西 西安,已经结束
农业,213973,军嫂众筹【兰姐西旗羊肉】,已成功,20000,24405,67,11,9.00,10,7,25,是,3,31,项目成功结束后20天内,北京,已经结束
农业,625021,美味儿的相遇-“枣”想“核”你在一起,已成功,3000,3250,67,3,26.00,9,0,3,否,27,10,项目成功结束后3天内,河北 保定,已经结束
农业,121750,吃出来的血色浪漫！野生血桃，伏牛山的馈赠！,已成功,5000,5171,67,2,1.00,8,12,17,否,0,35,项目成功结束后2天内,河南 驻马店,已经结束
农业,445033,爱与美食不可辜负——爱在丽江，吃在丽江,已成功,9999,13353,67,7,1.00,10,6,10,否,17,3,项目成功结束后3天内,云南 丽江,已经结束
农业,329332,学习五老，扶贫支农！长寿的秘密，富硒高钙香小米。,已成功,20000,20000,67,4,50.00,15,4,9,否,49,10,项目成功结束后立即发货,河北 承德,已经结束
农业,75130,小黑哥：一个留住阳光的北京知青,已成功,5000,5863,67,3,30.00,15,6,6,否,7,16,项目成功结束后5天内,北京,已经结束
农业,115846,【父亲的水稻田】第二季：挽留最后的农耕,已成功,30000,30127,66,5,150.00,14,4,19,否,4,25,项目成功结束后200天内,浙江,已经结束
农业,845,众筹酿造无添加纯酿葡萄果酒,已成功,10000,11820,66,2,58.00,6,3,62,否,0,3,项目成功结束后45天内,江苏 盐城,已经结束
农业,60997,来自农家的香肠——源自中国历史文化名城,已成功,10000,10499,66,4,1.00,13,3,32,否,4,5,项目成功结束后10天内,山东 淄博,已经结束
农业,178111,珠峰下的藏鸡蛋——蕴自然奇迹，含藏地传奇,已成功,50000,50862,66,4,183.00,13,6,19,否,30,19,项目成功结束后30天内,西藏 日喀则,已经结束
农业,531271,这个导演不一般，有格调：赤河水，红高粱，岁月陈酿出《黔粮传》,已成功,50000,54641,64,4,169.00,22,5,36,否,5,9,项目成功结束后立即发货,河北 保定,已经结束
农业,18024,蜜柚之乡的味道——美好的事物永远值得追寻,已成功,3000,3661,64,3,1.00,11,3,36,否,0,11,项目成功结束后60天内,福建 漳州,已经结束
农业,145795,仙履岛千亩亲子牧场第一期,已成功,10000,10415,64,10,2.00,7,10,45,否,1,27,项目成功结束后立即发货,四川 德阳,已经结束
农业,207361,江南水乡特有的美味 巴城阳澄湖大闸蟹,已成功,8000,9712,64,5,29.00,11,26,50,否,0,10,项目成功结束后5天内,江苏 苏州,已经结束
农业,148828,淳！天然农家薰衣草原蜜,已成功,6000,7223,64,6,35.00,2,9,27,是,14,16,项目成功结束后7天内,新疆 伊犁,已经结束
农业,587284,来，开一罐慰藉心灵的辣酱,已成功,18000,19947,63,4,1.00,16,3,11,否,1,30,项目成功结束后3天内,江西 宜春,已经结束
农业,551560,寻找平和当地最好的琯溪蜜柚。,已成功,1000,1048,63,5,1.00,17,2,0,是,1,26,项目成功结束后1天内,福建 漳州,已经结束
农业,398365,四星级无公害原生态和田大红枣第二季,已成功,2000,2365,63,4,21.00,11,4,15,否,0,48,项目成功结束后立即发货,新疆 和田,已经结束
农业,391312,回归大自然--原生态的铁皮石斛(二期）,已成功,10000,10006,63,6,59.00,16,19,11,否,4,24,项目成功结束后立即发货,云南 德宏,已经结束
农业,235909,【走进五夫白莲】零利润推广 以”互联网+农业“为大家提供天然绿色食品,已成功,10000,10646,63,3,10.00,16,4,13,否,9,10,项目成功结束后10天内,福建 南平,已经结束
农业,626970,爱是香味，扩散起来没有边界,已成功,10000,10572,63,5,58.00,10,1,8,否,4,46,项目成功结束后2天内,云南 昆明,已经结束
农业,345262,野生特级秋木耳第三期低价众筹---纯天然无污染五星级酒店特供,已成功,3000,6414,62,3,59.00,19,7,32,否,5,27,项目成功结束后立即发货,陕西 商洛,已经结束
农业,18972,“品头啖春茶”重走茶马古道，关注空巢老人,已成功,3000,3940,62,4,10.00,10,3,67,否,1,26,项目成功结束后5天内,湖南 常德,已经结束
农业,453220,从东北农家菜园到京城冰箱,已成功,20000,20752,62,4,2.00,11,7,8,否,15,14,项目成功结束后5天内,北京,已经结束
农业,599794,肉松玫瑰花饼，精品美味，尊享时尚,已成功,3000,3059,62,3,1.00,11,0,0,否,6,8,项目成功结束后立即发货,云南 昆明,已经结束
农业,191908,五常大米「真的」来了,已成功,18888,33568,62,6,8.00,1,16,50,是,2,23,项目成功结束后15天内,黑龙江 哈尔滨,已经结束
农业,298549,我吃我强壮，王婆送军粮！！！,已成功,2000,2495,62,4,1.00,2,7,29,是,1,39,项目成功结束后15天内,内蒙古 乌海,已经结束
农业,596332,昨天您错过了！那么~今天您被关注了！,已成功,20000,20248,61,5,15.00,22,6,14,否,17,6,项目成功结束后30天内,广东 河源,已经结束
农业,163975,好山好水，孕育好核桃,已成功,5000,5444,61,4,3.00,13,6,25,否,0,3,项目成功结束后立即发货,陕西 宝鸡,已经结束
农业,329539,寻找记忆深处的香味，让生活回归本真,已成功,10000,12336,61,5,5.00,18,11,10,否,0,3,项目成功结束后3天内,河南 漯河,已经结束
农业,140836,酸甜永泰芙蓉李干，梦想重回历史舞台,已成功,6000,6336,61,3,22.00,1,5,25,否,3,14,项目成功结束后7天内,福建 福州,已经结束
农业,331570,新疆阿勒泰2015新出特级黑加仑葡萄干第2季,已成功,3000,4593,61,4,30.00,8,7,17,否,0,34,项目成功结束后立即发货,新疆,已经结束
农业,379624,【圆于心 通至远】  庐山云雾头茬春茶,已成功,20000,21478,60,6,50.00,9,6,10,否,4,26,项目成功结束后10天内,江西 九江,已经结束
农业,426082,【吴小超】聆听自然的声音—庆元香菇,已成功,500,500,60,7,1.00,1,5,0,否,12,1,项目成功结束后立即发货,浙江 丽水,已经结束
农业,203854,寻找柚中之王---平和红心蜜柚，品挑战味蕾极限,已成功,5000,5701,60,3,42.00,14,5,23,是,0,26,项目成功结束后5天内,福建 厦门,已经结束
农业,429850,回到农村，他在地里种出许许多多的小鲜肉,已成功,5000,5820,60,4,49.00,10,5,17,否,0,24,项目成功结束后立即发货,陕西 宝鸡,已经结束
农业,255868,爸、妈，您尝尝这面，是过去的味道,已成功,20000,21630,60,5,30.00,18,7,60,否,10,13,项目成功结束后5天内,内蒙古 巴彦淖尔盟,已经结束
农业,346354,午子仙毫---2016年头采独芽明前精品茶叶限量众筹,已成功,10000,10117,60,4,59.00,11,7,36,否,1,37,项目成功结束后立即发货,陕西 汉中,已经结束
农业,329119,“食家乡味·扶故乡贫”山东临清无公害腊八蒜——电商扶贫试验项目,已成功,2000,4145,59,3,2.00,11,7,25,是,1,7,项目成功结束后立即发货,山东 聊城,已经结束
农业,350296,一片叶子的修行,已成功,66666,66680,59,7,6.00,15,7,72,是,19,9,项目成功结束后2天内,山东 日照,已经结束
农业,353692,四星级无公害原生态和田大红枣,已成功,3000,3117,59,4,29.00,11,9,27,否,0,37,项目成功结束后立即发货,新疆 和田,已经结束
农业,160267,大别山高山黄豆，吃出来的健康（第2期）,已成功,1000,1094,59,4,8.00,3,4,16,否,21,10,项目成功结束后7天内,湖北 黄冈,已经结束
农业,214066,最好吃的枸杞、最正宗的产品---中宁枸杞,已成功,3000,3345,58,5,10.00,16,4,13,否,0,13,项目成功结束后立即发货,宁夏 中卫,已经结束
农业,372355,烟台栖霞苹果-从大山深处到北上广,已成功,1000,1408,58,11,1.00,12,8,33,否,2,9,项目成功结束后立即发货,山东 烟台,已经结束
农业,66355,最美霞浦海鲜：新日鑫海洋 • 大黄鱼,已成功,30200,33182,58,5,1.00,6,3,6,否,0,17,项目成功结束后3天内,福建 宁德,已经结束
农业,116266,国内首创香菇木耳等食用菌盆栽项目众筹,已成功,10000,11091,58,4,5.00,21,4,22,否,21,11,项目成功结束后立即发货,浙江 丽水,已经结束
农业,178438,潮州单丛茶制作技艺非遗传承人亲作，带您品尝地道潮州单丛茶,已成功,10000,10011,58,3,1.00,6,11,7,否,0,29,项目成功结束后5天内,广东 潮州,已经结束
农业,304555,最高性价比 最好最实惠的青海柴达木野生黑枸杞,已成功,30000,38710,57,5,2.00,11,11,24,否,1,6,项目成功结束后3天内,青海 海西,已经结束
农业,473614,信誉至上，拒绝掺假，五常稻花香2016新米上市,已成功,5000,5379,57,4,19.00,8,2,14,否,11,11,项目成功结束后10天内,黑龙江 哈尔滨,已经结束
农业,291598,大学生回村创业，和您分享最淳朴的原生态手工柿饼,已成功,1000,1638,57,5,1.00,13,12,30,否,2,19,项目成功结束后15天内,陕西 西安,已经结束
农业,593005,闻得到的清香  富平果农给你个大脆甜,已成功,5000,5160,57,2,1.00,10,6,6,否,2,40,项目成功结束后3天内,北京,已经结束
农业,18521,发现纯美四川，与您分享乐山健康核桃,已成功,5000,5146,56,4,1.00,18,3,6,否,0,21,项目成功结束后15天内,四川 乐山,已经结束
农业,286801,我为英雄，祭杯酒——献给抗战胜利最好的礼物。,已成功,50000,50405,56,4,11.00,5,7,17,否,0,15,项目成功结束后立即发货,河北 保定,已经结束
农业,470107,荆楚鱼糕——飞得再高，走的再远，仍要记得家乡的风味！,已成功,2000,2039,56,3,1.00,13,4,6,否,3,2,项目成功结束后30天内,湖北 武汉,已经结束
农业,510715,来自贫困山区的问候——能生吃的绿色生态土豆,已成功,5000,5206,56,2,5.00,9,5,6,否,17,5,项目成功结束后15天内,山西 吕梁,已经结束
农业,26770,中国最香大米--黑土地五常稻花香大米,已成功,1000,13976,56,3,50.00,16,3,34,否,1,9,项目成功结束后3天内,山东 烟台,已经结束
农业,32782,分享京郊原生态种植的原味道草莓 让传统种植延续,已成功,5000,16562,56,5,18.00,8,3,33,是,0,20,项目成功结束后3天内,北京,已经结束
农业,192916,养有道，品味健康新时尚，国际化养生新贵--黑大蒜,已成功,5000,6207,56,5,1.00,10,5,15,否,2,31,项目成功结束后立即发货,山东 济南,已经结束
农业,295324,北纬23°—最适合橙类生长的地方！带大家走近“永兴冰糖橙”,已成功,6800,6938,56,8,3.00,13,9,21,是,7,10,项目成功结束后立即发货,湖南 郴州,已经结束
农业,384469,烟台栖霞苹果第七季--尝遍天下只有栖霞！,已成功,1000,1530,55,10,20.00,10,6,3,否,0,42,项目成功结束后立即发货,山东 烟台,已经结束
农业,74965,风靡欧美日韩的软黑金--黑大蒜,已成功,5000,5984,55,4,35.00,20,3,44,否,1,14,项目成功结束后5天内,山东 济南,已经结束
农业,137347,大别山高山黄豆，吃出来的健康,已成功,1000,1144,55,5,8.00,3,5,18,否,18,10,项目成功结束后3天内,湖北 黄冈,已经结束
农业,380107,让蒋爷爷的土蜂蜜“甜”进你我心头!,已成功,1000,7730,55,2,65.00,21,10,23,否,5,19,项目成功结束后20天内,甘肃 陇南,已经结束
农业,651906,容颜守护神，戈壁软黄金，野生黑枸杞，美味传四方,众筹中,5000,5371,55,3,5.00,2,2,4,否,0,NOTFOUND,项目成功结束后1天内,新疆 喀什,5天
农业,231730,柿界如此多娇 陕西富平柿饼地理标志授权,已成功,2000,2948,55,3,10.00,6,4,36,是,0,15,项目成功结束后立即发货,陕西 西安,已经结束
农业,14617,甜缘蜜遇，源此闺蜜——西双版纳热带雨林原生蜂蜜,已成功,20000,20350,54,4,131.00,13,3,59,否,0,2,项目成功结束后45天内,云南 西双版纳,已经结束
农业,640830,普洱红茶，柠香四溢，茶香留底，唇齿留香,已成功,6000,8059,54,4,36.00,12,5,10,否,4,2,项目成功结束后10天内,NOTFOUND,已经结束
农业,2954,汇源有机草莓，每一颗都珍贵,已成功,10000,12992,54,3,108.00,8,3,39,否,0,18,项目成功结束后立即发货,北京,已经结束
农业,264916,大别山高山黄豆，每天一杯香浓豆浆，喝出的健康（第3期）,已成功,1000,1349,54,4,8.00,3,7,30,否,8,10,项目成功结束后7天内,湖北 黄冈,已经结束
农业,189502,石板贡米——地球上唯一一块种植在火山熔岩上的水稻田,已成功,3000,3108,54,5,1.00,16,5,8,否,2,19,项目成功结束后立即发货,河北 保定,已经结束
农业,418678,共育香椿树，拯救空心村,已成功,6000,6001,54,2,59.00,14,4,5,否,28,14,项目成功结束后立即发货,河南 漯河,已经结束
农业,53188,高山绿茶——我们不生产食品，我们只是天然食品的搬运工,已成功,5000,5409,54,3,39.00,7,3,61,否,0,31,项目成功结束后7天内,北京,已经结束
农业,21785,洛川苹果——放心众筹，新鲜正当时,已成功,10000,10470,53,5,76.00,16,3,43,否,0,40,项目成功结束后5天内,陕西 延安,已经结束
农业,133042,多年照顾，面面俱到--古早味老闽东的民间纯手工线面,已成功,1000,1238,53,4,16.00,8,4,4,否,2,42,项目成功结束后5天内,福建 宁德,已经结束
农业,326146,名县腊味 香盈八方,已成功,5000,7121,53,3,58.00,43,7,14,否,0,29,项目成功结束后10天内,广西 桂林,已经结束
农业,123784,高州桂味荔枝 淡淡桂花香 ,已成功,2000,2141,53,2,1.00,11,7,17,否,0,31,项目成功结束后20天内,广东 茂名,已经结束
农业,3721,少数人的幸运口福——汇源有机草莓，美味限量供应,已成功,15000,15076,52,2,96.00,7,3,36,否,0,15,项目成功结束后7天内,北京,已经结束
农业,59404,跻身中华名果，源自大山深处天然氧吧的馈赠——赣南脐橙,已成功,3000,3192,52,7,29.00,13,3,56,否,4,15,项目成功结束后3天内,江西 赣州,已经结束
农业,72484,霸气龙蛋酒系列第一弹 我们有史以来最好的白酒,已成功,30000,36488,52,3,10.00,7,5,44,否,0,1,项目成功结束后立即发货,江苏 南京,已经结束
农业,38653,正宗宜黄特产精品乌金香鱼  开胃健康菜！ ,已成功,2000,2179,51,4,29.00,6,3,20,否,0,30,项目成功结束后7天内,江西 抚州,已经结束
农业,369304,栖霞苹果第2季--4元的价格12元的品质,已成功,1200,1444,51,7,1.00,16,7,19,否,3,11,项目成功结束后立即发货,山东 烟台,已经结束
农业,399475,烟台正宗大樱桃——为惊艳味蕾而来,已成功,3000,7668,51,3,138.00,4,6,37,否,4,29,项目成功结束后7天内,山东 烟台,已经结束
农业,481990,私人订制奇异果，秦岭北麓占领一片果园,已成功,1000,3189,51,4,49.00,5,4,35,否,0,44,项目成功结束后5天内,陕西 宝鸡,已经结束
农业,134314,爸爸茶：父亲节最好的礼物,已成功,1000,2277,51,3,1.00,15,4,9,是,6,37,项目成功结束后立即发货,山东 日照,已经结束
农业,323689,丰收的喜悦 你我同分享！,已成功,2000,2302,51,3,10.00,15,11,22,否,7,5,项目成功结束后立即发货,山西 吕梁,已经结束
农业,112750,【新聚点人民公社】社员集结号吹响啦！头茬春菜、免费烧烤抢先得！,已成功,10000,10124,51,7,1.00,9,3,9,否,2,8,项目成功结束后10天内,北京,已经结束
农业,311995,十二道年味——团圆饭,已成功,15000,20008,51,3,298.00,29,7,17,否,0,40,项目成功结束后3天内,江苏 苏州,已经结束
农业,336628,"水果之王.,年货首选 -百香果. 产地直供，生态食品，吃出健康，吃出美丽！",已成功,2000,2005,51,4,2.00,9,9,10,否,1,0,项目成功结束后2天内,广西 玉林,已经结束
农业,393877,用一杯见底好茶焐热茶人心——为了北回归线遗存的8000株古树红茶,已成功,10000,12246,51,4,39.00,25,14,35,否,12,11,项目成功结束后立即发货,广西 南宁,已经结束
农业,283999,你从未喝过如此好喝的黄酒！,已成功,50000,55137,50,5,3.00,1,12,31,是,6,10,项目成功结束后3天内,陕西 西安,已经结束
农业,605683,美食当前，总能有所思『老襄阳手工系列』：手工锅巴、山药片、红薯片,已成功,2000,3414,50,5,49.00,12,5,10,否,1,21,项目成功结束后7天内,湖北 襄樊,已经结束
农业,118735,【顺昌友诚】不求最贵，但求最健康,已成功,5000,5209,50,5,1.00,36,9,6,否,5,14,项目成功结束后10天内,北京,已经结束
农业,212674,阳澄湖大闸蟹鲜活开捕,已成功,2160,2244,50,4,3.00,7,8,21,是,0,48,项目成功结束后立即发货,福建 三明,已经结束
农业,556708,历经三年载，终将铁皮石斛种成，真诚回馈大家,已成功,20000,28078,50,2,228.00,7,3,8,否,10,3,项目成功结束后10天内,北京,已经结束
农业,15980,千年贡品，南丰蜜桔成就甜蜜事业,已成功,20000,22464,50,4,1.00,19,3,18,是,0,7,项目成功结束后7天内,江西 抚州,已经结束
农业,255175,那山·那人·那鸡 ——一份远山深处的守望,已成功,5000,5000,50,4,5.00,11,6,30,是,9,29,项目成功结束后30天内,四川 达州,已经结束
农业,545461,柚见中秋国庆，把爱带回家,已成功,1888,2264,50,1,38.00,11,0,0,否,0,24,项目成功结束后30天内,福建 漳州,已经结束
农业,365524,农家自产原生态非漂白核桃,已成功,5000,5043,49,4,48.00,11,6,14,否,0,24,项目成功结束后立即发货,陕西 商洛,已经结束
农业,14207,酥皮鲜花素月饼——今年中秋节，我们一起吃花赏月思故人,已成功,3000,5620,49,5,60.00,6,3,26,否,0,24,项目成功结束后5天内,北京,已经结束
农业,131473,奉化水蜜桃(湖景蜜露）众筹,已成功,5000,5100,49,3,78.00,2,6,24,否,3,37,项目成功结束后30天内,浙江 宁波,已经结束
农业,248290,来自石臼湖的大闸蟹,已成功,8000,10565,49,3,99.00,16,4,49,否,3,29,项目成功结束后7天内,安徽 马鞍山,已经结束
农业,174673,秦川八百里天然洋槐核心区纯蜂蜜——“蜜源会”,已成功,8000,8602,49,3,58.00,10,6,28,否,0,30,项目成功结束后立即发货,陕西 渭南,已经结束
农业,15782,煎蛋邀请你一起重新定义茶树的简单生活,已成功,10000,12175,48,3,49.00,42,3,21,否,0,21,项目成功结束后10天内,广东 深圳,已经结束
农业,267631,大学生难道就真的做不出一饼不年轻的普洱吗？三个大学生的普洱创业梦,已成功,4670,9516,48,4,79.00,23,6,75,是,3,19,项目成功结束后45天内,云南 昆明,已经结束
农业,628284,女馆主每年走访云南咖啡园，只为寻一杯好喝不贵的咖啡,已成功,5000,5610,48,3,58.00,8,18,10,否,3,9,项目成功结束后3天内,NOTFOUND,已经结束
农业,247651,连城白鸭（唯一药用鸭），不容错过的养生美味,已成功,10000,10360,48,8,70.00,5,18,34,是,0,10,项目成功结束后15天内,福建 龙岩,已经结束
农业,317278,蜜源会纯蜂蜜第八期---累计众筹八期，纯蜂蜜假一赔十欢迎监督,已成功,2000,6537,48,2,95.00,13,6,35,否,3,32,项目成功结束后立即发货,陕西 西安,已经结束
农业,532528,这棵人参的家，在传说中的圣山,已成功,50000,50256,48,6,88.00,23,0,16,否,8,6,项目成功结束后立即发货,吉林 长春,已经结束
农业,23038,【众筹第二波】井蛙咖啡风味体验之旅——地域与风味的探寻,已成功,10000,11740,48,3,60.00,9,3,28,否,0,21,项目成功结束后10天内,云南 保山,已经结束
农业,346117,2015年新出正宗和田一级干枣2期，假一赔十,已成功,3000,3105,47,3,39.00,11,6,12,否,0,36,项目成功结束后立即发货,新疆 和田,已经结束
农业,364582,烟台栖霞苹果第四季--尝遍天下，唯有栖霞！,已成功,1000,1172,47,9,1.00,12,10,9,否,2,6,项目成功结束后立即发货,山东 烟台,已经结束
农业,357742,一种美味，两种营养，枣夹核桃，享受甘甜与酥脆的双重美味,已成功,3000,4404,47,4,29.00,1,8,14,否,4,4,项目成功结束后7天内,陕西 西安,已经结束
农业,662187,中国柠檬之都-安岳，并不只是柠檬,众筹中,20000,1632,47,7,28.00,12,1,9,否,28,NOTFOUND,项目成功结束后立即发货,四川 资阳,53天
农业,133003,【三潭枇杷】一江新安水，万重枇杷山，摘急送,已成功,6000,6156,47,4,38.00,13,5,19,否,0,8,项目成功结束后立即发货,安徽 黄山,已经结束
农业,66226,“Duang”~尝尝来自春天第一片芽叶的滋味,已成功,3000,5235,47,6,1.00,17,3,5,否,2,15,项目成功结束后10天内,安徽 安庆,已经结束
农业,72283,“保护古桑树，圆父亲一个梦”给天下父母做最用心的礼物——“神仙叶”桑叶茶,已成功,9800,10886,47,7,1.00,16,5,17,否,1,6,项目成功结束后30天内,山东 聊城,已经结束
农业,340903,2016新出无硫黄花菜—农家自种铁锅烘干自然晾晒的绿色食品,已成功,3000,3092,47,3,29.00,16,6,26,否,3,23,项目成功结束后立即发货,陕西 渭南,已经结束
农业,181384,我是一颗菜，我在等待,已成功,50000,51063,47,5,79.00,6,11,40,否,15,16,项目成功结束后30天内,河南 开封,已经结束
农业,168769,柠檬众枣（第②季）----纯正新疆和田大红枣-来自于西域的臻品,已成功,3000,4520,46,4,29.00,14,4,8,否,3,8,项目成功结束后15天内,河北 廊坊,已经结束
农业,286702,桂林瑶山柿饼众筹，帮助坚持古法手作的孤独守卫者,已成功,2000,2420,46,2,25.00,6,6,19,否,1,19,项目成功结束后立即发货,广西 桂林,已经结束
农业,176287,为健康加道菜，养猪合伙人共养放心香猪,已成功,20000,21561,46,3,10.00,18,6,33,是,4,25,项目成功结束后15天内,广东 惠州,已经结束
农业,586369,【扶农助工】吃货们请看过来——赣南脐橙：来自亿分之一概率的绿色果品！,已成功,500,3045,46,4,35.00,21,11,3,否,1,23,项目成功结束后15天内,北京,已经结束
农业,3330,长白山下优选松籽——和松鼠一起享受自然之味,已成功,20000,20800,45,3,50.00,6,3,19,否,0,8,项目成功结束后15天内,北京,已经结束
农业,427393,你吃过栗子 那你吃过栗蘑吗？,已成功,8000,8094,45,3,1.00,11,5,11,否,2,5,项目成功结束后7天内,北京,已经结束
农业,514432,“第一书记”众筹项目，“外婆的味道”西红柿酱,已成功,10000,10130,45,2,100.00,5,0,4,否,9,14,项目成功结束后60天内,山西 吕梁,已经结束
农业,340039,众橙·幸福季—赣南刘叔 地道脐橙,已成功,19999,26929,45,4,130.00,8,0,1,否,1,34,项目成功结束后立即发货,江西 赣州,已经结束
农业,12600,青春的另一个名字叫瞎芒！,已成功,20000,21160,45,3,278.00,20,3,33,是,0,14,项目成功结束后5天内,广东 深圳,已经结束
农业,64729,老家的白茶--来着青年的坚持，寻找时光里的年味儿--贺岁,已成功,2000,4068,45,7,1.00,5,3,20,否,0,0,项目成功结束后立即发货,福建 福州,已经结束
农业,21065,相约健康——与香格里拉的一次邂逅,已成功,1000,7998,45,8,1.00,1,3,22,否,0,30,项目成功结束后20天内,河北 石家庄,已经结束
农业,174070,这个秋天让我教你补一补 我的图图原生态参茸,已成功,5000,9234,45,6,78.00,11,4,14,否,2,18,项目成功结束后40天内,吉林 延边,已经结束
农业,355243,烟台红富士第三季--抗战老兵的有机果园,已成功,1000,1052,45,10,1.00,9,6,19,否,3,4,项目成功结束后立即发货,山东 烟台,已经结束
农业,20405,比赣南脐橙更好吃？富川脐橙求品鉴,已成功,3000,4679,45,5,39.00,21,3,27,是,0,7,项目成功结束后12天内,广西 贺州,已经结束
农业,188212,最纯净的蜂蜜，最好的中秋礼!,已成功,20000,20115,45,5,89.00,22,4,9,否,0,4,项目成功结束后立即发货,北京,已经结束
农业,95908,【玩茶实验室】实验001：让铁观音茶树自然生长,已成功,5000,5800,44,3,100.00,12,8,6,否,8,20,项目成功结束后15天内,福建 泉州,已经结束
农业,193732,华夏绿源珍稀贡品黑嘴鸭蛋，深山原生态放养,已成功,10000,20816,44,3,86.00,12,6,22,否,1,7,项目成功结束后7天内,广东 深圳,已经结束
农业,502264,天山雪水孕育  让你甜在心间,已成功,1000,3764,44,4,88.00,13,28,15,否,9,31,项目成功结束后30天内,新疆 阿克苏,已经结束
农业,203635,超级营养食品——蜂王浆！蜜源会出品、必属精品。,已成功,1000,4031,44,3,2.00,14,3,26,否,0,27,项目成功结束后立即发货,陕西 西安,已经结束
农业,60484,可溯源宁夏大米——从种子到饭桌，保证您的食品安全,已成功,10000,10686,44,5,1.00,16,3,17,是,0,24,项目成功结束后10天内,广东 深圳,已经结束
农业,193594,中国十大名枣之首稷山板枣，校方点赞、稷山县农业局大力支持的大学生回乡创业项目,已成功,10000,10193,44,4,78.00,9,4,25,否,3,19,项目成功结束后立即发货,山西 运城,已经结束
农业,193528,【走进武都】寻找舌尖上的原生态无硫黄芪,已成功,3338,3411,44,4,1.00,23,5,6,是,1,19,项目成功结束后立即发货,甘肃 陇南,已经结束
农业,376090,烟台栖霞苹果第五季--感谢朋友们一如既往的支持！,已成功,1000,1227,44,13,1.00,11,9,33,否,3,5,项目成功结束后立即发货,山东 烟台,已经结束
农业,381499,烟台栖霞苹果第六季--再次降价以感谢朋友们！,已成功,1000,1185,43,11,1.00,11,7,15,否,2,10,项目成功结束后立即发货,山东 烟台,已经结束
农业,360493,一杯放心绿茶，给茶人和自然更长情的守护,已成功,10000,11032,43,6,6.00,17,9,20,否,2,20,项目成功结束后30天内,甘肃 陇南,已经结束
农业,165541,"  小小小白领，蔚州贡米情",已成功,2000,2122,43,4,18.00,6,4,12,否,12,7,项目成功结束后15天内,河北 廊坊,已经结束
农业,307921,【80后新农民】正宗陕西红富士苹果，让你真正尝到无公害食品,已成功,5000,5114,43,3,1.00,7,8,16,否,0,0,项目成功结束后3天内,陕西 咸阳,已经结束
农业,153457,全球首款消费者与中国酒圣联合打造的白酒,已成功,10000,10183,43,5,5.00,13,10,12,否,5,27,项目成功结束后90天内,四川 泸州,已经结束
农业,158569,【粮圃黄小米】一份天然原始的坚守,已成功,2000,2036,43,4,15.00,14,8,5,否,10,17,项目成功结束后7天内,陕西 西安,已经结束
农业,649053,带你品尝异乡特色食品，中国一绝罗秀米粉。,众筹中,50000,288,43,3,52.00,12,4,3,否,42,NOTFOUND,项目成功结束后15天内,NOTFOUND,3天
农业,206659,蜜源会纯蜂蜜2期上线——出口美国、百分百无添加！,已成功,1000,2182,42,4,1.00,28,5,34,否,0,14,项目成功结束后立即发货,陕西 西安,已经结束
农业,68224,【曲锐和朋友们】{括弧}年货——宁夏滩羊,已成功,11800,20285,42,3,258.00,22,3,7,否,3,14,项目成功结束后10天内,北京,已经结束
农业,374695,特级薄皮喀什莎车县巴旦木---国家地理标志保护产品低价众筹,已成功,2000,2254,42,3,29.00,16,6,7,否,0,17,项目成功结束后立即发货,新疆 喀什,已经结束
农业,370069,把最好的滋味献给家人,已成功,12000,13386,42,4,5.00,12,6,7,否,3,0,项目成功结束后3天内,河南 漯河,已经结束
农业,41200,【叶子家蜜】和东北大美妞一起创业，分享原生态椴树蜜,已成功,2000,2283,38,6,7.00,4,7,23,否,4,18,项目成功结束后15天内,黑龙江 哈尔滨,已经结束
农业,127183,我们挑剔每一颗，百年老树核桃，嚼起来香,已成功,3000,3847,38,3,39.00,8,6,7,否,1,6,项目成功结束后7天内,河北 邯郸,已经结束
农业,258979,“竹酒”论英雄-----养生，保健客家竹酒,已成功,2000,2416,38,2,1.00,4,19,13,否,0,16,项目成功结束后15天内,福建 龙岩,已经结束
农业,441766,千年仙草 解郁良方-铁皮石斛花茶,已成功,3000,3096,38,2,38.00,13,5,4,否,1,9,项目成功结束后1天内,云南 德宏,已经结束
农业,13278,邀你一起种铁皮石斛，用心为爱的人种下健康！,已成功,3000,7040,38,4,80.00,8,3,32,否,0,18,项目成功结束后15天内,浙江 衢州,已经结束
农业,553381,秦岭脚下桃园村，好山好水育好桃！“中国猕猴桃之乡”欢迎您！,已成功,1000,1228,38,4,10.00,13,3,5,是,18,3,项目成功结束后5天内,陕西 宝鸡,已经结束
农业,147094,爱心救助奇珍异果 新鲜回馈有缘人！,已成功,5000,6557,38,3,69.00,11,4,18,否,2,15,项目成功结束后15天内,河南 洛阳,已经结束
农业,249853,买好蜜  助农户——请支持“陇特色”农产品,已成功,1000,1758,38,2,5.00,9,5,19,否,3,22,项目成功结束后立即发货,甘肃 陇南,已经结束
农业,234412,【陇南电商扶贫】我帮攒劲卖苹果，共圆电商助残梦,已成功,1000,1985,37,2,29.00,27,6,9,是,1,12,项目成功结束后立即发货,甘肃 陇南,已经结束
农业,1850,小辣椒直供——为河南农民搭建众筹渠道,已成功,3000,3667,37,5,18.00,5,3,31,否,0,8,项目成功结束后15天内,河南 周口,已经结束
农业,315886,来自彝族高山的乌金猪香肠,已成功,5000,5636,37,4,68.00,16,6,21,否,0,13,项目成功结束后7天内,四川 乐山,已经结束
农业,341302,烟台苹果南下记--八千里路云和月,已成功,1000,1087,37,10,1.00,15,7,4,否,0,4,项目成功结束后立即发货,山东 烟台,已经结束
农业,338527,蜜源会2016新出洋槐蜜火热众筹,已成功,3000,3067,37,4,58.00,14,6,18,否,4,18,项目成功结束后立即发货,陕西 西安,已经结束
农业,184636,中国好花椒——武都大红袍,已成功,2000,2177,37,11,3.00,21,6,20,是,6,7,项目成功结束后10天内,甘肃 陇南,已经结束
农业,384523,为优质苹果寻找新出路，给父亲卖苹果！！,已成功,4000,4853,37,3,49.00,11,6,1,否,14,8,项目成功结束后10天内,甘肃 陇南,已经结束
农业,124339,德广众筹葡萄酒,已成功,99000,100884,36,5,100.00,33,6,22,否,0,3,项目成功结束后立即发货,陕西 西安,已经结束
农业,168124,“豫信”茶叶，正宗原产地信阳毛尖邀您分享！,已成功,5000,5071,36,3,1.00,21,5,13,是,0,21,项目成功结束后3天内,河南 信阳,已经结束
农业,352276,圣佩雷《老树》艺术红酒——缘起拿破仑的葡萄酒传奇,已成功,100000,100088,36,4,100.00,32,5,25,否,1,2,项目成功结束后30天内,山东 烟台,已经结束
农业,508372,美丽云南  植物砖石--野生辣木籽,已成功,2000,3157,36,4,69.00,15,0,6,否,1,24,项目成功结束后2天内,山东 济南,已经结束
农业,12868,Family To Farm 100块钱包茶山,已成功,20000,23400,36,2,100.00,7,3,43,否,0,24,项目成功结束后90天内,北京,已经结束
农业,23025,可燃吸的普洱茶——健康无害·戒烟良品,已成功,7500,14248,36,3,10.00,7,3,54,否,0,4,项目成功结束后10天内,云南 昆明,已经结束
农业,92683,茶马古道健康茶饮,已成功,3000,3217,36,5,48.00,24,3,17,否,7,6,项目成功结束后15天内,云南 西双版纳,已经结束
农业,329776,越战退伍老兵的有机果园--山东烟台红富士苹果,已成功,2000,2060,36,6,30.00,18,20,15,否,0,7,项目成功结束后5天内,山东 烟台,已经结束
农业,459631,为好梨众筹——美味不私享，邀您品好梨！,已成功,1000,1501,36,4,5.00,6,6,6,否,19,10,项目成功结束后立即发货,江苏 连云港,已经结束
农业,196339,11月松塔开启唯美路线,已成功,2000,2080,36,3,8.00,6,5,8,否,0,8,项目成功结束后7天内,黑龙江 伊春,已经结束
农业,386086,栖霞苹果进城记,已成功,1000,1196,36,11,1.00,9,5,1,否,1,4,项目成功结束后立即发货,山东 烟台,已经结束
农业,435592,保护福鼎海拔最高的磻溪吴阳村古茶园与传统制茶技艺,已成功,20000,25667,36,4,1.00,21,5,12,否,3,7,项目成功结束后立即发货,福建 宁德,已经结束
农业,468802,众筹80后回乡创业中国花椒之乡——陕西凤县凤渊香椒,已成功,1000,1021,36,5,13.00,2,0,4,否,32,1,项目成功结束后3天内,陕西 宝鸡,已经结束
农业,154855,来自大山的馈赠，咱一起吃粗粮！,已成功,2000,2078,36,3,29.00,9,4,13,否,1,10,项目成功结束后30天内,四川 凉山,已经结束
农业,466549,全世界的洱东陈，我就服他们,已成功,20000,20712,36,4,100.00,18,9,13,否,20,4,项目成功结束后立即发货,云南 昆明,已经结束
农业,660663,家乡手工番薯干　薯不尽的儿时记忆　软糯　蜜甜,众筹中,2000,2359,36,2,48.00,19,5,5,否,0,NOTFOUND,项目成功结束后立即发货,广东 韶关,19天
农业,247447,山东原生态当季小米 传承无公害种植 高营养小米,已成功,1000,1228,35,3,14.00,18,7,14,否,0,7,项目成功结束后3天内,山东 聊城,已经结束
农业,35380,90后大学生蜂农众筹信任，来自革命老区的纯正蜂王浆,已成功,3000,3890,35,3,48.00,15,3,13,是,0,12,项目成功结束后3天内,江西 吉安,已经结束
农业,163657,大山深处的诱惑——康县木桶土蜂蜜,已成功,3000,3920,35,1,79.00,18,6,15,否,3,9,项目成功结束后2天内,甘肃 陇南,已经结束
农业,17796,2015认领一只蜂箱吧！花粉花蜜王浆春浆全都有！,已成功,15000,32100,34,2,800.00,13,4,43,否,0,27,项目成功结束后120天内,湖北 荆门,已经结束
农业,433951,烟台正宗大樱桃第二季——肉厚多汁、甜蜜升级的“美早”来啦！,已成功,2000,5870,34,3,128.00,20,3,5,否,4,4,项目成功结束后立即发货,山东 烟台,已经结束
农业,132859,易县柿子树认领---【邀请北京的您】许下一生一“柿”的承诺,已成功,3030,3034,34,0,101.00,6,5,8,否,5,29,项目成功结束后90天内,河北 保定,已经结束
农业,198496,金秋感恩，为您诚意众筹爱心阿胶糕,已成功,6000,6234,34,6,2.00,26,4,20,否,0,22,项目成功结束后立即发货,山东 聊城,已经结束
农业,276355,2015年新出正宗和田一级干枣，假一赔十,已成功,2000,4902,34,3,39.00,14,9,25,否,0,9,项目成功结束后立即发货,新疆 和田,已经结束
农业,176524,同仁堂健康茶饮，花落保定,已成功,3000,3546,34,3,1.00,12,5,15,否,2,4,项目成功结束后立即发货,河北 保定,已经结束
农业,284878,经历“脆”炼，方得真味——霜降伯乐蜜，来自原产地。,已成功,10000,10700,34,4,59.00,22,7,85,否,0,5,项目成功结束后3天内,山东 济南,已经结束
农业,15046,Sally's 小饼屋——9岁女孩的甜点梦,已成功,20000,21386,34,1,99.00,4,3,12,是,0,14,项目成功结束后30天内,北京,已经结束
农业,164242,【寻找有缘人】一个追求慢生活方式的团队约起的活动,已成功,5000,5298,34,4,59.00,10,10,22,是,3,18,项目成功结束后3天内,上海,已经结束
农业,16999,支持传统枇杷花茶 ，众筹一个清爽的秋天,已成功,5000,5825,34,3,45.00,13,3,30,否,0,5,项目成功结束后5天内,福建 厦门,已经结束
农业,195019,世界稀有珍奇的“石黄果”首次上市，此贵重礼物“双节”送给谁？,已成功,9800,9999,34,6,1.00,14,7,22,是,2,21,项目成功结束后3天内,河北 邯郸,已经结束
农业,385240,留坝半野生特级香菇第四期,已成功,2000,2008,34,3,45.00,14,7,13,否,0,27,项目成功结束后立即发货,陕西 汉中,已经结束
农业,15591,以爱之茗——圆一个茶人的梦DIY自制纯料昔归茶,已成功,20000,20734,33,3,198.00,14,3,22,否,0,13,项目成功结束后20天内,云南 昆明,已经结束
农业,640209,自己的田，自己的米，自己种，才放心！,众筹中,100000,1600,33,11,1.00,13,1,3,否,3,NOTFOUND,项目成功结束后立即发货,黑龙江 大庆,15天
农业,128821,品正宗高州荔枝，领海南五天四夜游（第二波，回报更丰富）,已成功,3000,3369,33,7,1.00,30,11,19,是,0,24,项目成功结束后10天内,广东 茂名,已经结束
农业,383152,特级若羌灰枣---中国最好吃的枣，中国红枣优质产品最高奖一等奖,已成功,1000,1599,33,4,25.00,9,7,15,否,0,20,项目成功结束后立即发货,新疆 巴音郭楞,已经结束
农业,601639,爱不释手的羞涩脸颊，难以俘获的莓粉心——兴十四村有机草莓,已成功,2000,2115,33,3,18.00,15,2,2,否,4,4,项目成功结束后立即发货,黑龙江 齐齐哈尔,已经结束
农业,534706,【功夫酿】第二季：把最好的客家米酒带回家,已成功,20000,20426,33,4,69.00,18,2,6,否,4,8,项目成功结束后立即发货,湖南 郴州,已经结束
农业,137233,【新鲜林下参】保持着在深林中生长时的模样,已成功,1500,1694,33,7,1.00,9,4,2,否,2,26,项目成功结束后7天内,吉林 通化,已经结束
农业,659292,彩云之南，我们邀您一同走进古茶山，领略《古树心境》,众筹中,50000,5625,33,4,1.00,7,0,3,否,4,NOTFOUND,项目成功结束后30天内,云南 西双版纳,32天
农业,172804,舌尖上的味道---“凉山州德昌板栗”,已成功,3000,3040,32,3,30.00,13,5,8,否,1,13,项目成功结束后10天内,四川 凉山,已经结束
农业,67786,品尝比冬虫夏草更好的滋补食材  送丽江6天5晚双人游,已成功,3000,4386,32,5,1.00,30,3,13,否,0,20,项目成功结束后5天内,云南 丽江,已经结束
农业,166987,拿着苹果就能闻到果香-栖霞苹果,已成功,500,767,32,6,1.00,13,4,9,否,0,15,项目成功结束后立即发货,山东 烟台,已经结束
农业,328417,【古方红糖】传承传统手工艺，回忆儿时美味,已成功,1000,1203,32,4,1.00,15,6,9,否,0,4,项目成功结束后立即发货,安徽 合肥,已经结束
农业,89671,【自然农耕】38块钱  和80后村支书一起品味自然,已成功,2000,2720,32,3,2.00,18,17,29,否,1,13,项目成功结束后20天内,山东 日照,已经结束
农业,92329,耿大爷邀你一起当地主 放心果蔬吃出幸福生活,已成功,10000,10778,32,8,1.00,19,4,8,否,5,2,项目成功结束后5天内,北京,已经结束
农业,533584,攀枝花自家农家肥种植凯特芒果底价直销，替爸爸妈妈找销路！,已成功,500,2080,32,4,65.00,8,1,4,否,1,23,项目成功结束后3天内,四川 攀枝花,已经结束
农业,144412,【魔露果冻酒众筹】可以吃的鸡尾酒,已成功,10000,10141,31,5,68.00,16,4,8,否,1,6,项目成功结束后15天内,上海,已经结束
农业,366256,为父亲卖茶（太平猴魁）-期待朋友们帮我圆梦,已成功,8000,11055,31,5,298.00,12,19,24,否,3,8,项目成功结束后立即发货,安徽 合肥,已经结束
农业,556999,放飞都市人的农耕梦想，追寻一片宁静的心灵绿地,已成功,5000,5274,31,2,68.00,10,0,9,否,7,11,项目成功结束后立即发货,天津,已经结束
农业,575863,蜜韵丛生，品味不一般的「单丛红茶」,已成功,1000,2609,31,5,10.00,14,1,12,否,1,10,项目成功结束后5天内,广东 深圳,已经结束
农业,109864,【地球村农场】红颜非祸水！ 极品红颜草莓，有机种植，颗颗用心！,已成功,5000,5914,31,4,10.00,6,3,7,否,2,5,项目成功结束后7天内,北京,已经结束
农业,20794,一个南方人的遥远旅途——在边城与和田大枣的故事,已成功,50000,80916,31,5,1.00,17,3,37,是,0,10,项目成功结束后60天内,新疆 和田,已经结束
农业,174988,贵州罗甸红心火龙果——来自长寿乡的长寿密码,已成功,3000,3122,31,5,1.00,16,4,40,是,3,12,项目成功结束后立即发货,贵州 黔南,已经结束
农业,207607,建设一个真正品味各国葡萄酒佳酿的场所，以酒会友，亲民的味蕾绽放体验中心,已成功,5000,15661,31,2,138.00,7,5,22,否,1,9,项目成功结束后立即发货,北京,已经结束
农业,647718,天然绞股蓝龙须茶，好茶在山中，等你来品尝，喝出健康生活,已成功,3000,3021,31,3,58.00,10,1,7,否,1,24,项目成功结束后3天内,NOTFOUND,已经结束
农业,112492,渔民碗里的美味——威海石岛春初百家虾籽,已成功,2000,4082,31,3,58.00,11,4,9,否,2,9,项目成功结束后7天内,山东,已经结束
农业,666652,建了中国最牛红糖厂，他要做甜蜜热辣的原姜红糖,众筹中,200000,7008,34,6,46.00,14,0,2,否,0,NOTFOUND,项目成功结束后立即发货,云南 红河,25天
农业,206701,【最好的蜜给最爱的TA】秦岭传统工艺，中华蜂，百花蜜,已成功,5000,5057,30,2,79.00,14,8,18,是,3,6,项目成功结束后3天内,陕西 西安,已经结束
农业,178177,为苹果寻一条出路,已成功,3000,3065,29,5,1.00,12,4,6,是,3,16,项目成功结束后立即发货,江苏 徐州,已经结束
农业,181837,发现好货——绿色果园直送奉贤光明锦绣黄桃,已成功,5000,5050,29,7,2.00,8,4,17,否,2,10,项目成功结束后5天内,上海,已经结束
农业,389383,回归大自然--原生态的铁皮石斛,已成功,3000,3329,29,7,59.00,18,23,12,否,1,4,项目成功结束后1天内,云南 德宏,已经结束
农业,119638,用自然农法，种良心红薯,已成功,2500,2607,29,2,69.00,7,4,7,否,3,7,项目成功结束后120天内,河北 保定,已经结束
农业,511612,让大山里的父辈们多一份保障，让城里的亲人们多一份健康！,已成功,5000,5060,29,4,69.00,20,0,8,否,27,0,项目成功结束后10天内,北京,已经结束
农业,121150,贵族香榧系列 ---- 第二期来啦,已成功,3000,4311,29,5,2.00,3,4,10,否,0,10,项目成功结束后20天内,浙江 杭州,已经结束
农业,181807,京山贡品特产紫福蝶白花菜众筹第二辑,已成功,10000,10065,29,5,1.00,9,6,8,是,4,7,项目成功结束后3天内,湖北 武汉,已经结束
农业,655779,明前茶，贵如金，高山氧吧出好茶，黄山毛峰等您品,众筹中,5000,3685,29,3,86.00,12,7,11,否,15,NOTFOUND,项目成功结束后10天内,NOTFOUND,17天
农业,18282,舌尖上的香芋——邂逅深藏乡间的贡芋后裔,已成功,3000,3272,28,5,1.00,16,3,14,否,0,10,项目成功结束后5天内,广西 贺州,已经结束
农业,175582,舌尖上的中国二推荐 正宗武汉热干面,已成功,1000,1221,28,2,19.00,11,5,14,是,0,9,项目成功结束后5天内,湖北 武汉,已经结束
农业,357967,苹果尝遍天下，唯有烟台栖霞！,已成功,1000,1009,28,12,2.00,13,6,3,否,1,5,项目成功结束后立即发货,山东 烟台,已经结束
农业,635934,轻松降血糖，就喝未糖茶！,已成功,50000,50580,28,5,5.00,9,0,10,否,0,5,项目成功结束后3天内,NOTFOUND,已经结束
农业,375931,2016春现挖野生鲜美竹笋---源自广东省最干净的土地南岭国家原始森林公园山脉,已成功,6000,6472,28,5,35.00,8,8,8,否,2,7,项目成功结束后立即发货,广东 韶关,已经结束
农业,15041,【吃货集中营】边吃边玩，江山徐香猕猴桃限量尝鲜！,已成功,3000,3528,28,2,68.00,5,3,48,否,0,21,项目成功结束后15天内,浙江 衢州,已经结束
农业,63703,【众筹第二波】中国最香大米--黑土地五常稻花香大米,已成功,2000,2157,28,5,50.00,18,5,23,否,1,14,项目成功结束后3天内,山东 烟台,已经结束
农业,117067,“寻找”中国原生态土蜂蜜（中华百花蜂蜜）,已成功,5000,5174,28,2,128.00,14,4,35,否,0,19,项目成功结束后15天内,江西 景德镇,已经结束
农业,125362,广西上林最古老的制糖工艺  让手艺人留住儿时味道,已成功,2000,2445,28,3,1.00,24,4,4,否,3,3,项目成功结束后立即发货,广西 南宁,已经结束
农业,162088,品尝孔孟之乡的味道 曲阜纯正新鲜老玉米现摘现发,已成功,1000,1023,28,3,1.00,4,4,8,否,2,9,项目成功结束后立即发货,山东 济宁,已经结束
农业,165493,唤醒沉睡在秦岭深处的“蜜”密——秦岭山蜂巢蜜,已成功,1000,2120,28,2,38.00,3,4,8,是,0,10,项目成功结束后20天内,陕西 西安,已经结束
农业,176326,35度湘西枣子红酒,已成功,10000,10126,27,2,88.00,9,5,4,否,0,2,项目成功结束后20天内,湖南 怀化,已经结束
农业,378748,烟台红富士第五季--抗战老兵的有机果园,已成功,1000,1096,27,13,1.00,13,6,6,否,0,2,项目成功结束后立即发货,山东 烟台,已经结束
农业,392464,【好茶不私享】春季头采日照绿茶，来自大山里的茶香氤氲，带您品味真正日照绿。,已成功,1000,1009,27,8,1.00,28,9,20,否,1,0,项目成功结束后45天内,山东 日照,已经结束
农业,397936,烟台栖霞苹果第八季--美味苹果，依旧栖霞！,已成功,1000,1132,27,10,20.00,11,6,5,否,1,3,项目成功结束后立即发货,山东 烟台,已经结束
农业,299638,新疆阿克苏温宿县合作社自筹原味纸皮核桃---2015新出假一赔十,已成功,3000,4033,27,3,51.00,11,7,9,否,0,3,项目成功结束后立即发货,新疆 阿克苏,已经结束
农业,607765,山合易原生态芦花鸡蛋 | 最营养的早餐蛋,已成功,1760,2036,27,2,88.00,3,1,3,否,10,11,项目成功结束后立即发货,山东 烟台,已经结束
农业,184147,舞动的红色精灵—正宗宁夏枸杞,已成功,1000,1318,27,3,1.00,10,4,5,否,1,12,项目成功结束后15天内,河北 廊坊,已经结束
农业,318514,拒绝惨假米，为五常大米正名,已成功,5000,7038,27,4,18.00,27,5,17,否,1,4,项目成功结束后3天内,黑龙江 哈尔滨,已经结束
农业,323458,柠檬众枣（第④季）----纯正新疆和田大红枣-来自于西域的臻品,已成功,5000,5031,27,4,30.00,15,6,16,否,2,4,项目成功结束后10天内,河北 廊坊,已经结束
农业,300814,临潼石榴---超大个无公害绿色产品现货众筹,已成功,2000,2053,27,1,39.00,10,4,5,否,0,2,项目成功结束后立即发货,陕西 西安,已经结束
农业,268939,一杯清茶 一颗悲悯之心 只因我们与老人终将站在生命两端和解,已成功,1000,1837,26,3,1.00,17,6,23,否,4,11,项目成功结束后30天内,安徽 宣城,已经结束
农业,390790,玉米君：众筹鲜玉米！持续新鲜送到家！,已成功,1000,1196,26,3,15.00,16,9,20,否,0,9,项目成功结束后10天内,安徽 宿州,已经结束
农业,432901,【匠人匠心，回归源味】—野菜,已成功,2000,2118,26,2,38.00,11,7,13,否,16,7,项目成功结束后3天内,湖南 怀化,已经结束
农业,2032,金丝饼——传承即将消逝的甘肃美食,已成功,3000,3049,26,2,45.00,6,3,14,是,0,13,项目成功结束后2天内,甘肃 白银,已经结束
农业,407650,珍藏老白茶套装,已成功,10000,13921,26,2,481.00,11,7,19,否,4,17,项目成功结束后立即发货,河南 郑州,已经结束
农业,36682,【梦田】让家人吃上放心的蔬菜 享受田园生活,已成功,30000,31221,26,6,1.00,27,3,32,否,0,13,项目成功结束后7天内,北京,已经结束
农业,38608,30年老树血橙 橙子中的珍品 寻你不容易,已成功,10000,10678,26,5,9.00,12,3,20,否,0,4,项目成功结束后立即发货,浙江 温州,已经结束
农业,307027,踏踏实实的“蜂二代”，卖的老老实实的蜜——你从未喝过如此正宗的蜂蜜！,已成功,2000,2066,26,3,6.00,8,4,11,否,0,3,项目成功结束后立即发货,湖南 益阳,已经结束
农业,364735,舌尖上的美味——正宗烟台栖霞苹果,已成功,1600,2168,26,5,2.00,32,9,11,是,2,1,项目成功结束后7天内,山东 烟台,已经结束
农业,293713,特级甲等霜降柿饼2期---明清贡品、农博会最高奖后稷金奖得主，名贵特优小吃,已成功,2000,3776,26,3,59.00,16,7,18,否,0,11,项目成功结束后立即发货,陕西 渭南,已经结束
农业,186655,年轻人做：“好茶”，年轻人做好：“茶”,已成功,10000,10818,25,2,59.00,6,5,11,否,2,2,项目成功结束后7天内,广东 东莞,已经结束
农业,365005,五常大米----一个关于“免费”的故事,已成功,1000,1315,25,2,20.00,9,6,15,是,2,1,项目成功结束后立即发货,黑龙江 哈尔滨,已经结束
农业,400375,可以嚼着吃的蜂蜜——蜂巢蜜 垂涎三尺的美食诱惑（优惠促销期）,已成功,5000,5529,25,4,5.00,20,5,12,是,1,8,项目成功结束后立即发货,陕西 西安,已经结束
农业,345538,新疆阿克苏温宿县合作社自筹原味纸皮核桃---假一赔十,已成功,3000,3139,25,3,51.00,11,5,18,否,0,10,项目成功结束后立即发货,新疆 阿克苏,已经结束
农业,631116,没有虚假就没有欺骗，助农义卖农家手工柿饼,众筹中,10000,754,25,5,2.00,12,5,5,是,5,NOTFOUND,项目成功结束后立即发货,陕西 延安,22天
农业,125761,【道米】私享全年好米，给家人健康美味,已成功,10000,16171,25,5,1.00,23,6,13,否,4,6,项目成功结束后5天内,北京,已经结束
农业,210127,只有少数人能吃到的五常山地大米,已成功,1000,1335,25,0,50.00,11,6,7,是,5,20,项目成功结束后立即发货,黑龙江 哈尔滨,已经结束
农业,611902,健康快乐儿童有机小苹果（农业众筹活动）,已成功,3000,3085,25,1,30.00,1,0,2,否,13,12,项目成功结束后立即发货,山东 烟台,已经结束
农业,19634,香稻嘉鱼——还原明朝的自然农耕,已成功,25000,105108,25,7,2.00,23,3,17,是,0,3,项目成功结束后立即发货,湖北 荆门,已经结束
农业,319186,真正血橙，学名塔罗科。“屈原”种的橙，带有玫瑰香！,已成功,6000,6153,25,4,39.00,4,4,6,否,0,6,项目成功结束后5天内,湖北 宜昌,已经结束
农业,15830,【铁皮石斛第二波】感谢感动感受感悟之后的再次起航,已成功,10000,10085,24,6,1.00,9,3,29,否,0,11,项目成功结束后15天内,浙江 衢州,已经结束
农业,34735,【众筹第二波】鄂西北荆山地区 老爸自种栎树黑木耳,已成功,5800,48924,24,4,58.00,12,3,37,否,0,11,项目成功结束后3天内,湖北 襄樊,已经结束
农业,38770,再次相遇贺州香芋，为美食创造第二次发光的机会,已成功,2000,3205,24,4,1.00,8,3,7,否,3,3,项目成功结束后8天内,广西 贺州,已经结束
农业,166897,“贵州习酒”第一季：赤水河畔的生态美酒，酱香典范  精品习酱。,已成功,20000,20010,24,3,69.00,15,5,4,是,0,2,项目成功结束后7天内,北京,已经结束
农业,168349,泸州原浆酒—咱老百姓自己的健康酒,已成功,18999,21634,24,5,358.00,16,4,12,否,1,6,项目成功结束后30天内,北京,已经结束
农业,66235,来自春天的第一片芽叶的滋味！,已成功,2016,3108,24,3,1.00,14,11,9,否,0,12,项目成功结束后10天内,安徽 安庆,已经结束
农业,172537,MUSCAT葡萄—回归原始的纯正,已成功,20000,20005,24,4,99.00,9,4,18,否,1,9,项目成功结束后3天内,山东 青岛,已经结束
农业,109918,"""南国人参""——广西农家特产桂圆肉干",已成功,6000,6049,24,5,39.00,25,6,20,否,0,3,项目成功结束后30天内,广西 钦州,已经结束
农业,118402,百年老字号'泰和合“激您品一碗石门茶,已成功,2000,2917,24,4,9.00,19,3,13,否,0,1,项目成功结束后立即发货,湖南 常德,已经结束
农业,128263,生态特种野猪腊肉——肥而不腻 瘦而不柴 营养丰富,已成功,1000,1197,24,5,1.00,12,4,8,是,0,17,项目成功结束后20天内,四川 乐山,已经结束
农业,138577,【藏鸡蛋】——来自西藏·第三极，原生态，无污染,已成功,2000,2379,24,4,58.00,8,4,10,是,1,13,项目成功结束后15天内,西藏 拉萨,已经结束
农业,656145,厉害了我的茶：1种茶树制成中国6大茶类，不信你就筹筹看！,众筹中,100000,2553,24,4,2.00,9,5,4,否,6,NOTFOUND,项目成功结束后30天内,浙江 丽水,27天
农业,116350,烟台大樱桃，有品位的格调！,已成功,3000,3315,23,3,135.00,16,4,12,否,0,17,项目成功结束后10天内,山东 烟台,已经结束
农业,29938,【云际天马吃货俱乐部】第二期 来自库尔勒 不梨不弃的梦想！,已成功,5000,5072,23,5,1.00,13,3,12,否,1,14,项目成功结束后3天内,新疆 巴音郭楞,已经结束
农业,99892,一骑红尘妃子笑，无人知是贵妃蜜,已成功,2000,2140,23,5,10.00,16,3,29,否,0,1,项目成功结束后10天内,广东 茂名,已经结束
农业,66223,泡一杯属于自己的“功夫茶”！,已成功,6800,6873,23,7,1.00,23,4,12,否,0,5,项目成功结束后10天内,上海,已经结束
农业,177748,无硫黄花菜——农家自种天然烘干晾晒的绿色食品,已成功,3000,3076,22,3,68.00,13,4,14,否,0,15,项目成功结束后立即发货,陕西 渭南,已经结束
农业,230260,来自苹果之乡，中国苹果外销生产基地的正宗洛川红富士（出口型）,已成功,2000,2819,22,2,59.00,14,4,6,否,1,3,项目成功结束后立即发货,陕西 延安,已经结束
农业,310405,秦岭野生猕猴桃三期---拿命采摘的防癌圣果,已成功,2000,2864,22,2,59.00,16,6,18,否,0,11,项目成功结束后立即发货,陕西 宝鸡,已经结束
农业,32311,”慢茶“众筹一个茶”走西口“的梦,已成功,10000,10830,22,5,39.00,13,3,15,否,1,10,项目成功结束后10天内,山东 青岛,已经结束
农业,225637,全民来抱鸡,已成功,20000,20078,22,6,168.00,11,5,24,否,1,4,项目成功结束后立即发货,广东 广州,已经结束
农业,380329,来自大自然的馈赠——野生无公害薄皮山核桃,已成功,1000,1060,22,4,3.00,15,6,1,否,0,1,项目成功结束后7天内,重庆,已经结束
农业,309106,新疆阿勒泰2015新出特级黑加仑葡萄干,已成功,1000,1904,22,4,49.00,8,8,9,否,2,14,项目成功结束后立即发货,新疆,已经结束
农业,123505,大别山散养土鸡蛋，您身边健康的菜篮子,已成功,2000,2096,22,3,78.00,8,4,5,否,6,10,项目成功结束后3天内,湖北 黄冈,已经结束
农业,127621,故香好大“姜”军”  原生态农家小黄姜,已成功,1000,1208,22,5,2.00,12,6,7,否,0,2,项目成功结束后立即发货,河南 信阳,已经结束
农业,167161,吐鲁番无核白葡萄，让自然熟葡萄从枝头到您舌尖,已成功,4000,4823,22,2,1.00,7,4,15,否,0,6,项目成功结束后立即发货,北京,已经结束
农业,237868,《哈喽菜菜》鸡中皇后—玫瑰鸡！,已成功,2000,2113,22,2,98.00,6,7,8,否,9,4,项目成功结束后15天内,陕西 商洛,已经结束
农业,396982,烟台栖霞苹果答谢季-大山深处的礼物！,已成功,1000,1175,22,10,20.00,9,6,4,否,0,2,项目成功结束后立即发货,山东 烟台,已经结束
农业,619603,一个神奇的果实化作一杯健康的茶——陈皮普洱茶,众筹中,5000,228,22,5,1.00,9,3,3,否,3,NOTFOUND,项目成功结束后2天内,广东 江门,14天
农业,231001,库尔勒香梨---世界上最好吃的梨子,已成功,2000,3000,22,2,59.00,14,4,6,否,2,5,项目成功结束后立即发货,新疆 巴音郭楞,已经结束
农业,2748,鲁供绿叶馒头——走遍大江南北,已成功,3000,3120,21,3,20.00,8,3,16,是,0,8,项目成功结束后7天内,北京,已经结束
农业,157798,为众筹网好友定制的【传统手工炭焙乌龙茶】茶叶里的暖胃黑咖啡,已成功,1000,2119,21,2,69.00,13,9,12,否,1,8,项目成功结束后2天内,河南 郑州,已经结束
农业,548755,【若茗1725】让茶与你的距离更近一点,已成功,5000,5434,21,5,1.00,10,2,8,否,0,1,项目成功结束后7天内,福建 泉州,已经结束
农业,423841,普济：茶客最新的粮食,众筹中,60000,14685,21,2,9.00,7,0,8,是,4,NOTFOUND,项目成功结束后3天内,辽宁 大连,3天
农业,317299,2015新出特级黄河滩枣---营养、口感、味道远超新疆枣,已成功,1000,2488,21,4,24.00,11,5,14,否,0,7,项目成功结束后立即发货,陕西 榆林,已经结束
农业,203566,即食海参 - 来自原始海洋的味道,已成功,3000,4013,21,6,1.00,5,4,9,否,0,17,项目成功结束后3天内,北京,已经结束
农业,266026,AK亚麻籽油，油中AK47,已成功,4999,5271,21,3,9.00,4,4,9,否,1,0,项目成功结束后10天内,北京,已经结束
农业,332713,”东方神草”--正宗富硒绞股蓝就在女娲故里陕西平利,已成功,5000,5148,21,8,8.00,14,5,3,是,0,1,项目成功结束后立即发货,陕西 安康,已经结束
农业,607315,人参--- 昨日将相府 今朝百姓家,已成功,1000,1273,21,6,6.00,11,6,1,否,3,5,项目成功结束后立即发货,吉林 长春,已经结束
农业,455461,正宗新疆蜂蜜 源自深山稀有蜜源,已成功,1000,1609,21,4,35.00,4,1,4,否,3,4,项目成功结束后7天内,山东 烟台,已经结束
农业,130582,来自山水间的纯美果味  胶东红灯大樱桃,已成功,1000,2189,20,2,99.00,7,4,5,否,6,10,项目成功结束后15天内,山东 烟台,已经结束
农业,150031,来自世遗古廊桥的一匹黑马——廊桥蜜桃,已成功,3000,3434,20,4,20.00,13,5,10,否,2,7,项目成功结束后7天内,浙江 温州,已经结束
农业,155236,父亲节不拼爹，拼拼怎么孝敬爹,已成功,20000,20055,20,4,30.00,14,9,21,否,1,2,项目成功结束后5天内,北京,已经结束
农业,418702,张家湾的普渡,已成功,80000,80185,20,3,9.00,11,3,2,否,0,1,项目成功结束后立即发货,辽宁 大连,已经结束
农业,239161,秦岭野生小猕猴桃---拿命采摘的防癌圣果,已成功,2000,2443,20,2,69.00,18,4,11,否,3,7,项目成功结束后立即发货,陕西 西安,已经结束
农业,175219,”苹“生难忘爱的味道——特别的爱给特别的您,已成功,2000,2337,20,3,39.00,14,13,30,否,0,17,项目成功结束后5天内,山东 烟台,已经结束
农业,176758,众筹助力梦想——“众筹果园”良心果农正宗赣南脐橙,已成功,3000,3566,20,4,19.00,10,6,17,否,1,8,项目成功结束后60天内,江西 赣州,已经结束
农业,345949,蜜源会2016新出蜂王浆火热众筹,已成功,3000,3663,20,3,99.00,14,6,15,否,3,7,项目成功结束后立即发货,陕西 西安,已经结束
农业,75301,纯正农家有机葡萄酿造酒 真材实料 真健康,已成功,500,1152,19,2,30.00,23,4,23,否,4,6,项目成功结束后3天内,河北 邯郸,已经结束
农业,150985,甘甜多汁的冰糖麒麟瓜+林荫深处古村落=桃源避暑村庄,已成功,1000,1349,19,2,38.00,12,4,17,否,2,4,项目成功结束后立即发货,湖北 武汉,已经结束
农业,368473,可以嚼着吃的蜂蜜——蜂巢蜜 垂涎三尺的美食诱惑,已成功,3000,3347,19,3,99.00,19,6,27,否,2,11,项目成功结束后立即发货,陕西 西安,已经结束
农业,120052,天然绿色海产——龙须菜 （第三季）,已成功,2000,2288,19,5,9.00,11,5,7,否,0,4,项目成功结束后立即发货,广东 潮州,已经结束
农业,345964,自产中宁枸杞众筹---无硫磺、最大个,已成功,3000,3329,19,3,69.00,16,4,6,否,0,9,项目成功结束后立即发货,宁夏 中卫,已经结束
农业,345532,可冷泡的有机红茶，从扦插苗开始,已成功,20000,20022,19,5,58.00,26,5,19,否,10,3,项目成功结束后7天内,广东 惠州,已经结束
农业,631188,不是所有的“冰糖心”都产自新疆阿克苏红旗坡,已成功,5000,5040,19,2,188.00,6,0,3,否,1,15,项目成功结束后10天内,NOTFOUND,已经结束
农业,15498,落花生——源自“长寿之乡”广西昭平的花生和花生油,已成功,7000,7429,19,5,49.00,9,3,18,否,0,3,项目成功结束后5天内,广西 贺州,已经结束
农业,111964,黄山脚下，土楼背后，千年养蚕文化的延续,已成功,6000,6187,19,5,20.00,6,6,10,否,1,5,项目成功结束后立即发货,安徽 黄山,已经结束
农业,253765,蜜源会纯蜂蜜第5批——洋槐蜜，百分百无添、出口美国、累计众筹数万,已成功,1000,2105,19,3,49.00,15,4,8,否,0,10,项目成功结束后立即发货,陕西 西安,已经结束
农业,355435,六年的洞藏等待 只为与您同饮洞藏酒,已成功,2000,3251,19,4,89.00,7,8,33,否,0,10,项目成功结束后10天内,山东 枣庄,已经结束
农业,389566,雪菊的故事,已成功,5000,5000,19,3,159.00,7,5,20,否,2,1,项目成功结束后15天内,新疆 伊犁,已经结束
农业,424249,百色西林.挖蜂人的蜜意柔情，一盒源自石头缝里挖出的野生蜂巢蜜。,已成功,5000,6223,19,4,69.00,21,4,6,否,0,7,项目成功结束后10天内,广西 百色,已经结束
农业,474220,天赋金河美。地道芒果香。第二季！增加新品！,已成功,1000,1142,19,2,65.00,6,5,1,是,3,8,项目成功结束后立即发货,四川 攀枝花,已经结束
农业,406828,深山纯天然土蜂蜜,已成功,2000,2062,19,4,1.00,7,4,6,否,0,1,项目成功结束后7天内,重庆,已经结束
农业,612553,为了这一口地瓜，我们整整等了一年,已成功,2000,2187,19,3,49.00,7,0,2,否,1,10,项目成功结束后立即发货,山东 烟台,已经结束
农业,661824,手工&野生 一份落后国家的骄傲,众筹中,20000,1840,19,5,1.00,5,1,5,否,3,NOTFOUND,项目成功结束后7天内,北京,35天
农业,427954,可以嚼着吃的蜂蜜——蜂巢蜜 垂涎三尺的美食诱惑,已成功,3000,3404,19,4,2.00,18,5,8,是,0,5,项目成功结束后立即发货,陕西 西安,已经结束
农业,655635,蒙山高，沂水长，蒙阴蜜桃甲天下。,众筹中,5000,129,19,4,20.00,11,6,2,否,18,NOTFOUND,项目成功结束后40天内,山东 临沂,34天
农业,130123,追寻儿时记忆，分享家乡的维多利亚青提,已成功,6000,6196,18,5,49.00,11,7,8,否,3,5,项目成功结束后3天内,江苏 徐州,已经结束
农业,323257,野生极品秋木耳2期---纯天然无污染，五星级酒店特约,已成功,2000,2030,18,4,69.00,19,5,18,否,0,10,项目成功结束后立即发货,陕西 商洛,已经结束
农业,12550,细节是组成幸福的理由——“枢密院”100%绿色纯蜂蜜,已成功,10000,10548,18,4,96.00,21,3,5,否,0,12,项目成功结束后3天内,江苏 常州,已经结束
农业,461683,传递思念，给你最好的巴旦木,已成功,500,665,18,0,110.00,7,5,2,否,15,3,项目成功结束后10天内,北京,已经结束
农业,89446,每月仅需40元，就能让您每天都能吃到健康的放心粮食,已成功,500,2161,18,3,50.00,34,4,22,否,5,7,项目成功结束后立即发货,河北 邯郸,已经结束
农业,542554,爱心助农·恩施富硒茶·关爱健康,已成功,1000,1430,18,1,30.00,8,1,9,是,1,4,项目成功结束后立即发货,湖北 恩施,已经结束
农业,535168,禾合美美有机越光米,已成功,10000,10085,18,4,1.00,14,0,1,否,0,3,项目成功结束后15天内,江苏 常州,已经结束
农业,264202,特级灵武有机干枣，有机食品公司自产直销，附中日两国有机食品认证书,已成功,5000,7082,17,5,119.00,14,11,39,否,3,9,项目成功结束后立即发货,宁夏 银川,已经结束
农业,15039,众筹你与宝贝的小确幸，打造孩子的专属菜园,已成功,28888,29696,17,3,288.00,6,3,37,否,0,11,项目成功结束后30天内,北京,已经结束
农业,72586,"老黄牛耕读园迎接庄主驾到,送给孩子一块健康乐土",已成功,10000,10060,17,4,68.00,11,3,12,否,1,3,项目成功结束后5天内,北京,已经结束
农业,81688,有机昆仑雪菊领导品牌---大漠青歌,已成功,6000,6403,17,6,59.00,22,3,12,否,0,7,项目成功结束后3天内,新疆 乌鲁木齐,已经结束
农业,98758,老家的白茶Ⅱ——以茶结缘 路过 就是缘分 留下 便是注定,已成功,3000,3810,17,4,180.00,14,3,9,是,1,9,项目成功结束后20天内,福建 福州,已经结束
农业,491755,"中秋送礼怎能缺好茶 ,树国众茶专业尽心为您臻选好茶！",已成功,5000,5351,17,2,10.00,8,0,6,否,3,4,项目成功结束后立即发货,安徽 六安,已经结束
农业,178657,米中珍品——来自世界硒都恩施的富硒大米,已成功,5700,5835,17,5,25.00,9,4,10,否,1,0,项目成功结束后7天内,湖北 恩施,已经结束
农业,321145,拯救盐池滩羊,已成功,5000,5600,17,4,320.00,23,6,18,否,2,7,项目成功结束后立即发货,宁夏 银川,已经结束
农业,13685,手工蚕沙枕——守望桑园，回馈婆婆的礼物,已成功,1500,2120,17,3,58.00,11,3,41,否,0,4,项目成功结束后60天内,四川 凉山,已经结束
农业,150991,会说话的青春小酱，女神专款！,已成功,3000,6777,17,9,9.00,8,6,13,是,0,4,项目成功结束后7天内,山东 济南,已经结束
农业,520438,绿园养种—— 吃出健康，养生大众、大众养生,已成功,5016,5103,17,7,16.00,22,4,5,否,1,4,项目成功结束后立即发货,河南 驻马店,已经结束
农业,19046,荆州棉花 让大家拥有一个温暖的冬天,已成功,3000,3352,17,3,10.00,5,3,25,否,0,6,项目成功结束后30天内,湖北 荆州,已经结束
农业,183604,逼格—寻找喜欢咖啡的你,已成功,5000,6020,17,4,59.00,9,6,17,否,3,4,项目成功结束后立即发货,云南 西双版纳,已经结束
农业,268480,游鸡寨生态散养土鸡蛋，来自大自然的馈赠,已成功,1000,1729,17,4,78.00,15,6,17,否,3,13,项目成功结束后3天内,湖北 黄冈,已经结束
农业,287125,女人的天然护肤品，男人的第三颗肾（参）——长白山海诺参众筹第二季,已成功,3000,3020,17,9,2.00,7,4,8,是,1,0,项目成功结束后2天内,吉林 白山,已经结束
农业,239350,无硫黄花菜——农家自种铁锅烘干自然晾晒的绿色食品,已成功,2000,2214,16,2,59.00,17,4,10,否,2,4,项目成功结束后立即发货,陕西 渭南,已经结束
农业,345787,“嗨小酒”系列之“嗨战友”第一季,已成功,5000,5504,16,2,398.00,29,5,13,否,3,12,项目成功结束后立即发货,宁夏 银川,已经结束
农业,650292,"""洛阳红""牡丹籽油口服液众筹第一季",众筹中,700000,182,16,4,1.00,13,0,33,否,4,NOTFOUND,项目成功结束后立即发货,河南 洛阳,65天
农业,140692,蜜语心声，告白你听 ——全球首款能替你告白的蜂蜜,已成功,1000,1314,16,2,9.00,9,9,16,是,0,5,项目成功结束后5天内,上海,已经结束
农业,436729,订制眉县猕猴桃二期，每年新鲜奇异果送到家,已成功,1000,1334,16,4,49.00,25,5,20,否,0,11,项目成功结束后10天内,陕西 宝鸡,已经结束
农业,199747,昔日皇城贡品，今日养生佳品，栽种于20元人名币背景图拍摄地点阳朔兴坪古镇漓江边。,已成功,2000,2108,16,2,70.00,6,5,10,否,3,6,项目成功结束后20天内,广西 桂林,已经结束
农业,86800,来自昆仑山《黄金雪菊茶珍》-雪菊茶珍的创造者带您穿越丝绸之路,已成功,35000,36444,15,7,58.00,6,3,6,否,0,5,项目成功结束后立即发货,新疆 乌鲁木齐,已经结束
农业,394756,五常大米----一个关于“免费”的故事第 Ⅲ 期,已成功,1000,1005,15,2,35.00,9,6,2,是,0,1,项目成功结束后立即发货,黑龙江 哈尔滨,已经结束
农业,149920,茶马古道 健康茶饮,已成功,1000,1627,15,5,48.00,20,4,14,否,5,4,项目成功结束后15天内,浙江 温州,已经结束
农业,328288,枣想核你在一起！过年招待客人首选特产，餐桌必备！营养又美味！,已成功,1000,1185,15,3,49.00,10,8,23,是,1,5,项目成功结束后立即发货,新疆 阿克苏,已经结束
农业,612901,品尝真正的有机苹果，成为保护生态环境的“一品百姓”,已成功,5000,5055,15,3,10.00,12,2,2,否,3,2,项目成功结束后立即发货,NOTFOUND,已经结束
农业,295141,一穗不惧严寒的鲜玉米 - 东土神农鲜玉米,已成功,3000,3896,15,2,99.00,9,5,24,否,1,5,项目成功结束后9天内,北京,已经结束
农业,172864,走进九万大山，寻找山中珍宝·野生灵芝,已成功,2000,2481,14,3,128.00,10,4,8,否,10,2,项目成功结束后7天内,广西 南宁,已经结束
农业,432409,零距离接触海拔一千多米的高山酒窖,众筹中,1000,2330,14,5,1.00,30,11,0,否,0,NOTFOUND,项目成功结束后立即发货,福建 宁德,17天
农业,239155,秦岭野生秋木耳-纯天然无染色、营养超过黑木耳，送和田一级大红枣,已成功,2000,2977,14,3,79.00,16,5,8,否,1,2,项目成功结束后立即发货,陕西 汉中,已经结束
农业,295297,秦岭野生猕猴桃---纯野生假一赔十,已成功,2000,2199,14,4,59.00,18,6,9,否,0,6,项目成功结束后立即发货,陕西 西安,已经结束
农业,453529,边城饶河“黑蜂生态保护区”零污染极品黑蜂椴树蜜,已成功,1000,1061,14,4,8.00,9,5,2,否,1,0,项目成功结束后立即发货,黑龙江 双鸭山,已经结束
农业,40162,【灵州长枣】宁夏灵武长红枣，中国长枣之乡 冬季养生佳品,已成功,3000,3151,14,5,46.00,16,3,7,否,0,1,项目成功结束后10天内,宁夏 银川,已经结束
农业,365464,大别山•绿色•无公害•新茶尝鲜,已成功,3000,3020,14,3,60.00,4,10,10,否,1,7,项目成功结束后10天内,安徽 安庆,已经结束
农业,399436,特别的礼，给特别的你——致我们深爱的父母,已成功,3999,4185,14,3,9.00,11,5,28,是,1,3,项目成功结束后立即发货,山东 青岛,已经结束
农业,394096,增强肾动力！沙漠人参——来自阿拉善盟的神奇本草,已成功,3000,3230,14,4,68.00,2,4,16,否,1,2,项目成功结束后7天内,宁夏 银川,已经结束
农业,22345,钟橙  让你品尝来自赣南最纯正的脐橙味道,已成功,1000,1085,13,7,5.00,10,3,19,否,0,1,项目成功结束后30天内,广东 深圳,已经结束
农业,360061,长白山散养有机黑猪，回味儿时的猪肉香。（仅限北京地区）,已成功,2000,2053,13,2,145.00,9,6,16,是,3,5,项目成功结束后5天内,北京,已经结束
农业,612967,我为之努力的，那一片茶叶，一杯茶水，就是我的一辈子,已成功,3000,4070,13,5,20.00,11,0,5,否,6,3,项目成功结束后120天内,山东 烟台,已经结束
农业,302404,龙井一绿天下香,已成功,5000,5397,13,7,9.00,11,11,22,否,0,6,项目成功结束后25天内,浙江 杭州,已经结束
农业,498277,"最美攀枝花--水果甲天下,绿色无污染.离健康更近!",已成功,1000,1065,13,4,65.00,8,2,1,否,1,4,项目成功结束后立即发货,四川 攀枝花,已经结束
农业,565351,百年纯料古树茶，带你走进殿堂级普洱茶,众筹中,60000,472,13,4,700.00,19,0,2,否,13,NOTFOUND,项目成功结束后立即发货,云南 西双版纳,53天
农业,42037,请为勤劳的中华蜂点赞，纯正瑶乡冬蜜等你来品鉴,已成功,2000,2000,12,4,59.00,24,3,2,否,2,2,项目成功结束后8天内,广西 贺州,已经结束
农业,184237,灵武长枣 一起来实现枣园庄主的梦想,已成功,3000,3113,12,7,10.00,17,5,19,是,0,4,项目成功结束后立即发货,宁夏 银川,已经结束
农业,168271,29元认领一株野生天麻，健康你我他，造福下一代,已成功,1000,1033,12,4,29.00,23,7,19,否,1,3,项目成功结束后7天内,云南 昭通,已经结束
农业,512440,蜂蜜之王野桂花蜜，来自深山古稀残疾老人60余年的专注,已成功,2000,2198,12,4,88.00,35,0,4,否,3,2,项目成功结束后3天内,湖南 永州,已经结束
农业,612778,还是记忆中的那个苹果【快接住我，寻找小时候的记忆。】,已成功,1000,1262,12,1,25.00,13,0,2,否,4,6,项目成功结束后3天内,山东 烟台,已经结束
农业,612508,心怀本心，做一颗懂得感恩的樱桃,已成功,3000,3053,12,4,108.00,3,0,0,否,1,5,项目成功结束后180天内,山东 烟台,已经结束
农业,385324,可以嚼着吃的蜂蜜——蜂巢蜜 垂涎三尺的美食诱惑,已成功,5000,5096,12,3,99.00,19,6,3,否,0,5,项目成功结束后立即发货,陕西 西安,已经结束
农业,315058,财爷的水---喝进满满的福气！,已成功,10000,10018,12,7,3.00,13,10,19,否,0,0,项目成功结束后7天内,福建 厦门,已经结束
农业,182260,何以忘忧---自然晒干黄花菜,已成功,2000,2044,12,3,29.00,11,6,2,否,2,0,项目成功结束后立即发货,北京,已经结束
农业,407455,赔钱也要让您知道的好米--五常稻花香大米65元10斤,已成功,1000,1020,12,1,65.00,9,7,10,否,0,8,项目成功结束后立即发货,黑龙江 哈尔滨,已经结束
农业,152530,稀有品种-观音绿荔枝,已成功,880,2052,12,2,1.00,17,4,11,否,0,2,项目成功结束后立即发货,广东 东莞,已经结束
农业,181177,客盛果品一棵树众筹,已成功,5000,7242,12,4,36.00,15,4,4,否,1,2,项目成功结束后立即发货,广东 梅州,已经结束
农业,177781,寻米记·清溪 就是有机 每天+1元 吃一年0化肥0农药好米,已成功,8888,9069,11,3,439.00,10,4,3,是,0,4,项目成功结束后7天内,浙江 湖州,已经结束
农业,199003,新疆枣农的心声,已成功,3000,3200,11,3,200.00,3,5,29,是,0,7,项目成功结束后立即发货,新疆 阿克苏,已经结束
农业,300586,蜜源会纯蜂蜜第七期---枣花蜜洋槐蜜荆条蜜搭配众筹,已成功,2000,2010,11,3,95.00,12,5,14,否,0,4,项目成功结束后立即发货,陕西 西安,已经结束
农业,663417,【大学生返乡创业】让喝茶成为一种时尚,众筹中,50000,765,11,8,60.00,12,2,0,否,1,NOTFOUND,项目成功结束后7天内,福建 宁德,30天
农业,289216,蜜源会纯蜂蜜第6期---枣花蜜洋槐蜜荆条蜜搭配众筹，历史最低价,已成功,2000,2060,11,3,95.00,15,5,4,否,0,5,项目成功结束后立即发货,陕西 西安,已经结束
农业,260191,富平柿饼--明清贡品、农博会最高奖后稷金得主，名贵特优小吃,已成功,1000,1497,11,4,39.00,15,5,12,否,0,0,项目成功结束后立即发货,陕西 渭南,已经结束
农业,443575,可以嚼着吃的蜂蜜——蜂巢蜜 垂涎三尺的美食诱惑,已成功,1000,1005,11,4,20.00,16,4,4,否,1,8,项目成功结束后立即发货,陕西 西安,已经结束
农业,524191,生态攀枝花—石榴系万家（支持任一品类即送两斤青皮石榴小果）,已成功,500,826,11,4,58.00,9,0,1,是,0,2,项目成功结束后立即发货,四川 攀枝花,已经结束
农业,295330,正宗洛川红富士----假一赔十、两个起订可先尝,已成功,2000,2098,10,3,19.00,14,4,1,否,0,1,项目成功结束后立即发货,陕西 延安,已经结束
农业,354004,张家界三宝一绝的一绝——杜仲茶,已成功,2000,3115,10,4,75.00,16,9,22,否,0,3,项目成功结束后7天内,湖南 张家界,已经结束
农业,356731,广西原生态红树林熟咸海鸭蛋,已成功,1360,1365,10,2,68.00,7,5,9,否,1,2,项目成功结束后3天内,广西 防城港,已经结束
农业,602596,原生态的山林散养土鸡蛋，为健康把关！把假“土鸡蛋”赶出你的生活,已成功,1000,1000,10,0,100.00,6,0,0,否,0,10,项目成功结束后2天内,湖北 黄石,已经结束
农业,653274,一个平凡人，一群麝香猫，静待猫屎咖啡风味的绽放,众筹中,5000,3354,10,5,29.00,10,0,6,否,3,NOTFOUND,项目成功结束后5天内,NOTFOUND,35天
农业,114673,屈原故里 “一枚珍奇” 把“橙意”带出大山,已成功,1000,1123,10,3,9.00,28,3,5,否,0,0,项目成功结束后5天内,湖北 宜昌,已经结束
农业,483121,杜绝以次充好冒名顶替 ——品尝纯天然农家长白山黑木耳,已成功,500,669,10,6,1.00,14,0,0,否,3,0,项目成功结束后立即发货,吉林 延边,已经结束
农业,220435,抢鲜2015自产五常有机稻花香大米,已成功,6666,7607,10,7,99.00,13,5,8,否,0,1,项目成功结束后7天内,黑龙江 哈尔滨,已经结束
农业,273133,贪吃舌笔记之两河桃片,已成功,1000,1067,10,4,38.00,20,5,3,否,1,1,项目成功结束后7天内,四川 泸州,已经结束
农业,650253,森林深处 天然富硒茶（“硒”——抗氧化，抗衰老，抗癌等）丨秦岭山脉上的极品绿茶,众筹中,5000,1085,10,5,45.00,25,5,0,否,1,NOTFOUND,项目成功结束后立即发货,陕西 安康,6天
农业,257071,宁夏灵武长枣，有机食品公司自产直销，附中日两国有机食品认证书,已成功,2000,2181,9,3,149.00,13,6,22,否,0,3,项目成功结束后立即发货,宁夏 银川,已经结束
农业,651030,新的一年邀您一起开发属于自己的私房茶园，入口的安全再也不用愁。,众筹中,100000,5091,9,4,358.00,9,3,3,是,5,NOTFOUND,项目成功结束后7天内,福建 南平,5天
农业,308245,留坝香菇2期--特级香菇，不是个大而是肉厚味香,已成功,2000,2045,9,3,105.00,13,6,11,否,0,6,项目成功结束后立即发货,陕西 汉中,已经结束
农业,616363,“嵎峡河谷”生态果园—咱烟台的诺曼底模式果园牧场,已成功,5000,6049,9,4,108.00,8,7,1,否,2,1,项目成功结束后立即发货,NOTFOUND,已经结束
农业,538366,第一书记为来自山村的宝——绿色鹅蛋代言,已成功,500,500,9,3,40.00,10,0,2,否,4,2,项目成功结束后立即发货,山西 吕梁,已经结束
农业,607846,亲爱的，忙忙碌碌一整天，来碗燕窝补补身子可好,众筹中,1000000,1054,9,5,10.00,56,0,1,否,3,NOTFOUND,项目成功结束后15天内,广东 广州,32天
农业,275218,超级营养食品蜂王浆蜂皇浆，一期超额众筹400%，随订随发假一赔十,已成功,1000,1693,8,3,99.00,15,4,11,否,1,1,项目成功结束后立即发货,陕西 西安,已经结束
农业,651231,千年水浒之地、八百里水泊——梁山之农家鹅蛋,众筹中,20000,973,8,4,108.00,11,10,0,否,4,NOTFOUND,项目成功结束后立即发货,NOTFOUND,5天
农业,53551,众筹良运优选年货——给自己一个精品年，送他人一份用心礼,已成功,10000,11135,8,3,75.00,9,3,5,否,0,1,项目成功结束后立即发货,北京,已经结束
农业,205648,东北有机生态米『鼎业粮道』,已成功,4000,5096,8,5,10.00,15,4,13,否,0,2,项目成功结束后15天内,黑龙江 绥化,已经结束
农业,251899,蜜源会纯蜂蜜4期——荆条蜜，百分百无添、出口美国、累计众筹数万,已成功,1000,1338,8,3,49.00,22,4,9,否,0,4,项目成功结束后立即发货,陕西 西安,已经结束
农业,648489,西部扶贫“柑”谢有你！尝美味献爱心，跟随舌尖去云南旅行！,众筹中,10000,246,8,5,49.00,10,3,0,是,4,NOTFOUND,项目成功结束后10天内,云南 保山,1天
农业,20517,彩色花生，多彩人生,已成功,20000,40423,8,5,49.00,21,3,14,是,0,5,项目成功结束后7天内,湖北 武汉,已经结束
农业,648459,有机认证大樱桃--吃出不一样的乐趣第一波,众筹中,100000,440,7,3,98.00,9,2,3,否,5,NOTFOUND,项目成功结束后60天内,NOTFOUND,7天
农业,652512,空心挂面——带给你千年传承工艺面食,众筹中,5000,99,7,4,1.00,28,0,0,是,0,NOTFOUND,项目成功结束后立即发货,四川 成都,25天
农业,659826,女大学生返乡创业——不得不说的秘密,众筹中,10000,211,7,6,2.00,13,0,0,否,3,NOTFOUND,项目成功结束后立即发货,辽宁 本溪,78天
农业,48934,【兄妹众橙】我是一只有血有肉的橙子 请叫我红肉脐橙,已成功,2000,2547,7,6,68.00,6,3,9,否,0,4,项目成功结束后5天内,江西 赣州,已经结束
农业,317287,临潼石榴---超大个无公害绿色产品现货众筹,已成功,1000,1213,7,2,79.00,10,6,6,否,0,4,项目成功结束后立即发货,陕西 西安,已经结束
农业,650313,来自俄罗斯的海参，得天独厚纯净环境，与人参齐名，与鱼翅同珍,众筹中,15000,2334,7,6,28.00,18,1,1,否,2,NOTFOUND,项目成功结束后3天内,吉林 延边,10天
农业,650547,同滋元——贡品阿胶,众筹中,10000,437,6,3,89.00,7,0,1,否,3,NOTFOUND,项目成功结束后30天内,NOTFOUND,5天
农业,648981,消费扶贫 寻找童年的影子,众筹中,500,670,6,5,50.00,30,1,4,否,3,NOTFOUND,项目成功结束后20天内,湖北 随州,58天
农业,48364,桂林清香桔——我很丑，可是我很甜,已成功,2000,2010,6,3,120.00,4,3,11,否,0,2,项目成功结束后7天内,广西 桂林,已经结束
农业,245533,您帮我建设一个蜜蜂生态养殖园，我回馈您一份天然无污染好蜂蜜,众筹中,500000,7,6,6,30.00,21,2,0,是,6,NOTFOUND,项目成功结束后20天内,陕西 汉中,4天
农业,654150,带您穿越唐朝  享用宫廷贡品,众筹中,10000,14,5,5,1.00,13,2,0,否,3,NOTFOUND,项目成功结束后15天内,河南 三门峡,39天
农业,195403,来自蟹农原生态的感蟹——阳澄湖大闸蟹,已成功,3000,3313,5,8,198.00,20,4,7,否,1,1,项目成功结束后立即发货,江苏 苏州,已经结束
农业,67750,[桔事]上天赐予我们最好的吉礼,已成功,1000,1034,5,5,28.00,25,5,4,否,1,1,项目成功结束后立即发货,广西 柳州,已经结束
农业,654702,普洱茶2017年春茶妈妈的手工茶 普洱农家普洱茶,众筹中,15000,342,5,1,52.00,12,0,0,否,1,NOTFOUND,项目成功结束后45天内,NOTFOUND,25天
农业,651438,爱心西北行————20亿斤优质冰糖心红富士苹果何去何从————,众筹中,1000,215,5,1,50.00,9,2,0,是,2,NOTFOUND,项目成功结束后立即发货,山西 运城,65天
农业,662124,传统兰花香铁观音，源自中国茶叶第一镇,众筹中,8888,254,4,3,42.00,27,0,0,否,0,NOTFOUND,项目成功结束后3天内,福建 泉州,6天
农业,307654,2016，普洱，300年古树，头采春茶,已成功,1000,1196,4,3,99.00,27,5,22,否,0,1,项目成功结束后立即发货,云南 西双版纳,已经结束
农业,655275,吃出来的健康，就是山的味道——大别山干天麻,众筹中,3000,479,4,3,5.00,6,0,0,否,0,NOTFOUND,项目成功结束后立即发货,NOTFOUND,9天
农业,660081,喝茶包山：浙江泰顺“三杯香”——高山云雾春茶等你分享,众筹中,17000,36,4,7,8.00,10,3,0,否,2,NOTFOUND,项目成功结束后20天内,浙江 温州,59天
农业,663369,【太平白枇杷】让我家乡的枇杷走进千家万户,众筹中,5000,20,4,5,5.00,14,1,0,否,0,NOTFOUND,项目成功结束后10天内,浙江 丽水,25天
农业,651966,生活是一颗坚硬的核桃，她坚定做“好仁儿”,众筹中,10000,371,3,2,98.00,11,2,1,否,1,NOTFOUND,项目成功结束后3天内,NOTFOUND,14天
农业,654750,众筹一份无公害大红袍花椒  让我的梦更近一点,众筹中,3000,156,3,3,36.00,12,0,0,否,1,NOTFOUND,项目成功结束后5天内,NOTFOUND,55天
农业,501703,恰汝思生态黄桃—给懂你的人,众筹中,75000,256,3,4,78.00,26,3,2,是,1,2,项目成功结束后立即发货,安徽 宿州,已经结束
农业,641433,枸杞中的“贵族”纯天然野生黑枸杞众筹（第一期）,众筹中,3000,24,3,4,8.00,27,2,0,是,0,NOTFOUND,项目成功结束后15天内,山东 临沂,5天
农业,659703,海参营养五谷粥，开罐即食，健康食补！ 再也不用牵肠挂肚的发海参了,众筹中,30000,405,3,3,9.00,2,0,1,否,0,NOTFOUND,项目成功结束后7天内,山东 烟台,17天
农业,666158,寻蜜有缘人—与您一起分享自然成熟蜂蜜  专注于自然成熟蜂蜜,众筹中,1000,3,3,3,1.00,15,0,1,是,0,NOTFOUND,项目成功结束后6天内,山东 菏泽,6天
农业,639585,有颜值有味道的我——春雪桃,众筹中,10000,116,2,4,58.00,8,1,0,否,0,NOTFOUND,项目成功结束后7天内,NOTFOUND,8天
农业,661902,信阳毛尖17年新茶开采倒计时，来杯信阳毛尖明前头茶吧！,众筹中,3000,2,2,8,1.00,7,0,0,是,0,NOTFOUND,项目成功结束后7天内,河南 信阳,24天
农业,649629,大自然的馈赠，阿拉善天然野生黑枸杞,众筹中,5888,178,2,4,35.00,6,0,0,否,0,0,项目成功结束后7天内,NOTFOUND,已经结束
农业,658689,普洱老班章，霸气回归，引得无数茶友竞折腰。,众筹中,20000,169,2,11,1.00,19,5,2,否,0,NOTFOUND,项目成功结束后1天内,云南 昆明,29天
农业,661734,出身名门来自【东北黑木耳】臻享自然滋味，第一期,众筹中,4800,53,2,2,5.00,9,0,0,否,0,NOTFOUND,项目成功结束后立即发货,黑龙江 牡丹江,20天
农业,467344,黑茶夏季的茶味,众筹中,30000,2,2,5,1.00,16,0,0,否,0,NOTFOUND,项目成功结束后10天内,广东 潮州,16天
农业,666888,产地直供新疆喀什-木什乡薄皮核桃,众筹中,1000,93,2,3,35.00,5,0,0,否,0,NOTFOUND,项目成功结束后立即发货,新疆 喀什,27天
农业,660795,安化金花茯砖茶,众筹中,5000,127,2,4,59.00,13,0,0,否,0,NOTFOUND,项目成功结束后立即发货,湖南 益阳,19天
农业,659508,俺家烟台大樱桃——伴随宝宝成长的樱桃密语,众筹中,6000,139,2,4,138.00,15,3,1,否,1,NOTFOUND,项目成功结束后7天内,山东 烟台,81天
农业,647463,养颜补气血 就吃曹记译戈富硒红枣,众筹中,210000,414,2,4,69.00,15,0,0,是,0,NOTFOUND,项目成功结束后立即发货,新疆 巴音郭楞,23天
农业,665890,天然富硒，可以喝的玫瑰花酱,众筹中,10000,2,2,4,1.00,19,0,0,否,0,NOTFOUND,项目成功结束后10天内,甘肃 兰州,26天
农业,656133,如果你愿意剥开我的心，你会发现一颗赤“橙”之心,众筹中,10000,39,2,1,38.00,7,1,0,否,1,NOTFOUND,项目成功结束后立即发货,NOTFOUND,11天
农业,655920,雾霾来袭，尝一勺清肺甜蜜,众筹中,3000,135,2,3,45.00,12,1,0,否,0,NOTFOUND,项目成功结束后1天内,NOTFOUND,11天
农业,659022,还您一个如初生般的肺—莆田『常太枇杷』,众筹中,10000,138,2,5,69.00,16,0,0,否,0,NOTFOUND,项目成功结束后立即发货,福建 莆田,29天
农业,582187,在花的海洋里与蜜蜂一起舞蹈,众筹中,200000,90,2,6,30.00,23,3,0,是,0,NOTFOUND,项目成功结束后20天内,陕西 商洛,2天
农业,655821,来自承德避暑胜地的散养土鸡初产蛋,众筹中,3000,650,2,3,118.00,12,0,0,否,0,NOTFOUND,项目成功结束后1天内,NOTFOUND,1天
农业,613999,一粒米 唤醒俄罗斯沉睡百年的沃土,众筹中,500,53,1,0,53.00,6,0,0,否,0,NOTFOUND,支持者付款后15天内,NOTFOUND,已经结束
农业,623041,大别山高山黄豆每天一杯香浓豆浆喝出的健康（第4期）,众筹中,1000,22,1,3,8.00,4,0,0,否,0,NOTFOUND,支持者付款后立即发货,NOTFOUND,已经结束
农业,218569,西部鹅都/垫江鹅都/重庆鹅都垫江鹅蛋/孕妇鹅蛋/草鹅蛋,众筹中,50000,1,1,5,15.00,4,0,0,否,1,NOTFOUND,项目成功结束后90天内,重庆,7天
农业,632226,生活的绿色“食”尚，健康的生态“享”寿 健康的财富,众筹中,20000,10,1,6,10.00,11,1,1,否,0,NOTFOUND,项目成功结束后立即发货,NOTFOUND,4天
农业,655803,农家特制-----枣夹核桃仁,众筹中,1000,25,1,2,25.00,12,0,0,否,0,NOTFOUND,项目成功结束后立即发货,NOTFOUND,42天
农业,665043,火遍四海八荒，冬去春来，更需枇杷生津止渴,众筹中,3000,48,1,3,1.00,26,1,1,否,0,NOTFOUND,项目成功结束后立即发货,四川 凉山,27天
农业,647313,五常稻花香米--关爱老兵众筹计划,众筹中,30000,0,0,4,12.00,11,0,0,否,0,NOTFOUND,项目成功结束后立即发货,NOTFOUND,15天
农业,654051,"带你尝尝手工传承小吃,",众筹中,10000,0,0,3,5.00,7,0,0,否,0,NOTFOUND,项目成功结束后立即发货,NOTFOUND,9天
农业,661329,青海柴达木红枸杞，带给您真正的原生态有机枸杞！,众筹中,2000,0,0,4,60.00,16,1,0,否,0,NOTFOUND,项目成功结束后立即发货,青海 西宁,18天
农业,628614,没有虚假就没有欺骗，助农义卖天然手工手柿饼,众筹中,5000,0,0,4,2.00,11,0,1,否,0,NOTFOUND,项目成功结束后立即发货,陕西 延安,16天
农业,650406,苹果原始的味道,众筹中,30000,0,0,3,69.00,12,0,0,否,0,NOTFOUND,项目成功结束后59天内,NOTFOUND,32天
农业,657966,北方春果第一枝    正宗烟台大樱桃,众筹中,10000,0,0,4,5.00,7,0,0,否,0,NOTFOUND,项目成功结束后20天内,山东 烟台,46天
农业,654801,麦尚我不吹牛牛肉干 五香牛肉粒,众筹中,2000,0,0,2,38.00,12,1,1,否,0,NOTFOUND,项目成功结束后立即发货,NOTFOUND,2天
农业,663465,我外表虽然很黑，但是我“心不黑”——新疆野生『黑枸杞』,众筹中,1000,0,0,4,39.00,3,1,0,否,0,NOTFOUND,项目成功结束后2天内,新疆 乌鲁木齐,53天
农业,665430,TEAHOT新鲜好茶 云南老树茶种,众筹中,2000,0,0,5,10.00,16,0,0,否,0,NOTFOUND,项目成功结束后10天内,北京,25天
农业,652002,生于自然，养生精品-（兰州百合 ）,众筹中,1000,0,0,7,29.00,12,0,0,否,0,NOTFOUND,项目成功结束后5天内,NOTFOUND,12天
农业,663972,90后女生，来自北纬37度的海鲜干货特产，这里是山东威海,众筹中,10000,0,0,3,32.00,19,0,0,否,0,NOTFOUND,项目成功结束后立即发货,山东 威海,24天
农业,657918,2017你不能错过的普洱,众筹中,20000,0,0,5,270.00,9,1,0,否,0,NOTFOUND,项目成功结束后3天内,云南 临沧,40天
